Symbol,Name,Last,Change,%Chg,Open,High,Low,Volume,Time
A,"Agilent Technologies",73.27,-0.38,-0.52%,72.76,73.28,72.41,1729600,01/28/19
AA,"Alcoa Corp",27.98,-1.04,-3.58%,28.74,28.83,27.81,3538000,01/28/19
AAC,"Aac Holdings Inc",2.22,-0.16,-6.72%,2.37,2.4,2.2,192000,01/28/19
AAL,"American Airlines Gp",36.57,1.59,+4.55%,34.53,36.62,34.5,14843399,01/28/19
AAN,"Aaron's Inc",49.59,-0.41,-0.82%,49.82,50,48.7,372200,01/28/19
AAOI,"Applied Optoelect",16.89,-0.56,-3.21%,17.09,17.49,16.71,587300,01/28/19
AAON,"Aaon Inc",35.6,-0.11,-0.31%,35.38,35.92,35.13,86100,01/28/19
AAP,"Advance Auto Parts Inc",154.86,1.64,+1.07%,151.65,155.05,150.05,1311500,01/28/19
AAPL,"Apple Inc",156.3,-1.46,-0.93%,155.79,156.33,153.66,26192000,01/28/19
AAT,"American Assets Trust",41.74,0.39,+0.94%,41.2,41.9,41.03,325200,01/28/19
AAWW,"Atlas Air Ww",51.29,-0.01,-0.02%,50.55,51.93,50.5,178900,01/28/19
AAXN,"Axon Inc",49.1,0,0.00%,48.79,49.39,48.35,290300,01/28/19
ABBV,"Abbvie Inc",77.14,-3.4,-4.22%,80,80.1,76.68,14718699,01/28/19
ABC,"Amerisourcebergen Corp",80.12,0.46,+0.58%,79.47,80.31,78.88,838700,01/28/19
ABCB,"Ameris Bancorp",37.61,1.1,+3.01%,35.85,37.88,35.85,641900,01/28/19
ABEO,"Abeona Therapeutics",6.94,-0.1,-1.42%,6.9,7.03,6.7,235100,01/28/19
ABG,"Asbury Automotive Group Inc",69.56,-0.32,-0.46%,68.76,70.58,68.63,101600,01/28/19
ABM,"ABM Industries Incorporated",33.86,-0.15,-0.44%,33.67,33.86,33.15,636800,01/28/19
ABMD,"Abiomed Inc",336.9,-12.47,-3.57%,348.9,349.99,333.76,388700,01/28/19
ABR,"Arbor Realty Trust",11.56,0.09,+0.78%,11.47,11.57,11.43,613900,01/28/19
ABT,"Abbott Laboratories",69.05,-2.1,-2.95%,70.52,70.63,68.89,5942500,01/28/19
ABTX,"Allegiance Banc CS",36.25,0.72,+2.03%,35.13,36.38,35.13,138200,01/28/19
ABUS,"Arbutus Biopharma Cp",3.61,-0.35,-8.84%,3.89,3.89,3.56,208200,01/28/19
AC,"Associated Capital Group Inc",40.95,0.6,+1.49%,40.1,40.95,39.71,4600,01/28/19
ACA,"Arcosa Inc.",28.53,-0.82,-2.79%,28.98,29.07,28.37,284500,01/28/19
ACAD,"Acadia Pharmaceutica",22.1,-0.51,-2.26%,22.21,22.5,21.68,1867800,01/28/19
ACBI,"Atlantic Capital",18.33,-0.1,-0.54%,18.4,18.5,18.23,83100,01/28/19
ACC,"American Campus Communities Inc",45.24,0.57,+1.28%,44.7,45.31,44.54,1102500,01/28/19
ACCO,"Acco Brands Corp",8.79,-0.04,-0.45%,8.74,8.89,8.66,322400,01/28/19
ACGL,"Arch Capital Grp Ltd",28.74,-0.09,-0.31%,28.73,28.85,28.6,828900,01/28/19
ACHC,"Acadia Healthcr CO",27.49,-0.07,-0.25%,27.49,28.48,27.06,876700,01/28/19
ACHN,"Achillion Pharmaceut",2.22,-0.06,-2.63%,2.26,2.26,2.14,1655100,01/28/19
ACIA,"Acacia Communica",43.32,-0.73,-1.66%,43.13,44.01,42.75,263900,01/28/19
ACIW,"Aci Worldwide Inc",28.82,-0.41,-1.40%,28.87,29.1,28.71,651900,01/28/19
ACLS,"Axcelis Tech Inc",20.77,0.72,+3.59%,19.8,21.2,19.8,365600,01/28/19
ACM,"Aecom Technology Corp",30.2,-0.35,-1.15%,30.21,30.68,30.18,917100,01/28/19
ACMR,"Acm Research Inc",9.72,-0.3,-2.99%,9.77,10.04,9.6,17900,01/28/19
ACN,"Accenture Plc",152.24,0.39,+0.26%,150.72,152.24,150.2,2046500,01/28/19
ACNB,"Acnb Corp",36.6,-0.28,-0.76%,36.91,37.44,36.43,11400,01/28/19
ACOR,"Acorda Therapeutics",15.4,-0.55,-3.45%,15.68,15.88,15.16,609800,01/28/19
ACRE,"Ares Commercial Real Estate Cor",14.16,-0.01,-0.07%,14.14,14.22,14.07,138500,01/28/19
ACRS,"Aclaris Therapts",6.73,0.03,+0.45%,6.69,6.83,6.55,490700,01/28/19
ACTG,"Acacia Res-Acacia",3.07,0.02,+0.66%,3.05,3.08,3,155000,01/28/19
ADBE,"Adobe Systems Inc",241.85,-3.1,-1.27%,241,243.22,239.35,2110400,01/28/19
ADC,"Agree Realty Corp",63.62,0.72,+1.14%,62.76,63.8,62.69,233200,01/28/19
ADI,"Analog Devices",97.34,-0.33,-0.34%,94.95,97.7,94.86,2260100,01/28/19
ADM,"Archer Daniels Midland Company",44.17,0.45,+1.03%,43.6,44.18,43.42,2281200,01/28/19
ADMA,"Adma Biologics",3.13,-0.09,-2.80%,3.21,3.37,3.11,446600,01/28/19
ADMS,"Adamas Pharma",8.53,-0.25,-2.85%,8.65,8.65,8.26,274200,01/28/19
ADNT,"Adient Plc",19.24,-0.36,-1.84%,19.11,19.68,18.83,2728500,01/28/19
ADP,"Automatic Data Procs",135.5,-0.91,-0.67%,134.96,135.73,134.29,1930600,01/28/19
ADRO,"Aduro Biotech",2.42,-0.22,-8.33%,2.62,2.64,2.37,633700,01/28/19
ADS,"Alliance Data Systems Corp",178.76,1.05,+0.59%,175.7,179.51,175.46,620300,01/28/19
ADSK,"Autodesk Inc",140.77,-1.31,-0.92%,140.65,141.09,138.74,1314600,01/28/19
ADSW,"Advanced Disposal Services Inc",24.58,-0.3,-1.21%,24.64,24.78,24.28,233900,01/28/19
ADT,"ADT Inc",7.03,-0.16,-2.23%,7.17,7.17,6.97,1816200,01/28/19
ADTN,"Adtran Inc",14.69,0.65,+4.63%,13.93,14.7,13.84,614700,01/28/19
ADUS,"Addus Homecare Corpo",58.98,-3.43,-5.50%,61.42,61.9,58.84,139200,01/28/19
ADVM,"Adverum Biotechnlgs",3.11,-0.1,-3.12%,3.19,3.19,3.08,128500,01/28/19
AE,"Adams Resources & Energy",40.91,-0.90000000000001,-2.15%,41.4,41.66,40.31,3000,01/28/19
AEE,"Ameren Corp",67.66,-0.28,-0.41%,68.02,68.3,67.28,943600,01/28/19
AEGN,"Aegion Corp",18.05,-0.32,-1.74%,18.25,18.32,17.93,109700,01/28/19
AEIS,"Advanced Energy",51,0,0.00%,49.64,51.94,47.66,279000,01/28/19
AEL,"American Equity Investment Life",30.94,-0.13,-0.42%,30.7,31.22,30.6,322600,01/28/19
AEO,"American Eagle Outfitters",21.07,-0.03,-0.14%,20.92,21.23,20.82,2886600,01/28/19
AEP,"American Electric Power Company",76.85,0.05,+0.07%,76.76,77.21,76.3,2159100,01/28/19
AERI,"Aerie Pharmaceutical",45.61,-0.13,-0.28%,45.55,46.23,45,692200,01/28/19
AES,"The Aes Corp",15.87,-0.01,-0.06%,15.83,15.96,15.74,4603500,01/28/19
AFG,"American Financial Group",94.57,-0.18,-0.19%,94.02,94.91,93.3,301000,01/28/19
AFI,"Armstrong Flooring Inc",13.17,-0.09,-0.68%,13.15,13.4,13.06,69600,01/28/19
AFL,"Aflac Incorporated",47.35,-0.22,-0.46%,47.4,47.53,47.01,3255700,01/28/19
AGCO,"Agco Corp",62.02,-1.11,-1.76%,61.68,62.69,61.27,510500,01/28/19
AGE,"Agex Therapeutics Inc",3.71,-0.45,-10.82%,4.1,4.1,3.7,119500,01/28/19
AGEN,"Agenus Inc",3.39,-0.11,-3.14%,3.5,3.5,3.35,1299100,01/28/19
AGFS,"Agrofresh Solutions",3.86,-0.09,-2.28%,3.9,3.95,3.83,31400,01/28/19
AGIO,"Agios Pharmaceutical",50.5,-1.72,-3.29%,51.63,51.88,50.06,394900,01/28/19
AGLE,"Aeglea Biothera",8.51,-0.05,-0.58%,8.46,8.75,8.32,46300,01/28/19
AGM,"Federal Agricultural Mortgage Corp",71.91,0.96,+1.35%,70.21,72.07,69.94,30500,01/28/19
AGN,"Allergan Plc",158.69,-1.97,-1.23%,159.14,159.47,156,3697600,01/28/19
AGNC,"American Capital Age",18.06,-0.06,-0.33%,18.12,18.15,18.01,4855800,01/28/19
AGO,"Assured Guaranty Ltd",40.5,0.26,+0.65%,40.03,40.51,39.81,418400,01/28/19
AGR,"Avangrid Inc",48.54,-0.61,-1.24%,49.09,49.35,48.42,298200,01/28/19
AGS,"Playags Inc",25.59,-0.03,-0.12%,25.36,26.04,25,77200,01/28/19
AGX,"Argan Inc",43.05,0.72,+1.70%,42.11,43.35,42.11,161100,01/28/19
AGYS,"Agilysys Inc",17.88,1.46,+8.89%,16.43,18.66,16.07,297400,01/28/19
AHH,"Armada Hoffler Properties Inc",14.62,0.11,+0.76%,14.42,14.7,14.38,229100,01/28/19
AHL,"Aspen Insurance Holdings",41.87,0.01,+0.02%,41.85,41.97,41.79,564400,01/28/19
AHT,"Ashford Hospitality Trust Inc",4.74,0.03,+0.64%,4.71,4.77,4.67,269500,01/28/19
AI,"Arlington Asset Investment Corp",8.45,0.11,+1.32%,8.3,8.48,8.3,227200,01/28/19
AIG,"American International Group",42.82,-0.36,-0.83%,43,43.07,42.27,4146700,01/28/19
AIMC,"Altra Indtl Mtn",28.86,-0.5,-1.70%,29,29.24,28.23,419200,01/28/19
AIMT,"Aimmune Therap",22.24,-0.69,-3.01%,22.91,23,22.08,466400,01/28/19
AIN,"Albany International Corp",66.47,-1.6,-2.35%,67.23,68.08,65.87,84300,01/28/19
AINC,"Ashford Inc",58.7,2.3,+4.08%,56.03,58.7,56.03,4900,01/28/19
AIR,"AAR Corp",36.87,-0.34,-0.91%,36.84,37.27,36.53,123400,01/28/19
AIT,"Applied Industrial Technologies",58.78,-0.01,-0.02%,58.15,59.31,58.14,276200,01/28/19
AIV,"Apartment Investment and Management",48.7,0.66,+1.37%,48,48.78,47.9,1483900,01/28/19
AIZ,"Assurant Inc",94.45,-0.79,-0.83%,94.47,94.89,93.51,536000,01/28/19
AJG,"Arthur J. Gallagher & CO",72.98,-0.52,-0.71%,73.12,74,72.4,815000,01/28/19
AJRD,"Aerojet Rocketdyne Holdings",38.93,-0.11,-0.28%,38.56,39.57,38.36,648800,01/28/19
AJX,"Great Ajax Corp",12.85,-0.06,-0.46%,12.82,12.97,12.77,32600,01/28/19
AKAM,"Akamai Technologies",65,-0.44,-0.67%,64.87,65.02,64.28,1232200,01/28/19
AKAO,"Achaogen Inc",1.62,0.24,+17.39%,1.38,1.65,1.33,1668700,01/28/19
AKBA,"Akebia Therapeutics",5.52,-0.37,-6.28%,5.82,5.89,5.48,900300,01/28/19
AKCA,"Akcea Therapeutics Inc",27.79,-0.91,-3.17%,28.38,28.6,27.3,114100,01/28/19
AKR,"Acadia Realty Trust",27.7,0.52,+1.91%,27.06,27.83,26.93,558300,01/28/19
AKRX,"Akorn Inc",3.96,-0.23,-5.49%,4.15,4.23,3.93,2325200,01/28/19
AKS,"AK Steel Holding Corp",2.7,-0.1,-3.57%,2.8,2.81,2.52,15233700,01/28/19
AL,"Air Lease Corporation Class A C",37.13,0.01,+0.03%,36.5,37.3,36.32,1148000,01/28/19
ALB,"Albemarle Corp",77.09,0.51,+0.67%,76.23,77.54,76.02,1273500,01/28/19
ALBO,"Albireo Pharma Inc",22.22,-1.08,-4.64%,23.05,23.23,21.8,36600,01/28/19
ALCO,"Alico Inc",29.55,-0.27,-0.91%,29.53,29.94,29.53,3800,01/28/19
ALDR,"Alder Biopharma",12.49,-0.54,-4.14%,12.85,12.99,12.23,780200,01/28/19
ALDX,"Aldeyra Therapeu",8.35,-0.31,-3.58%,8.6,8.71,8.34,130400,01/28/19
ALE,"Allete Inc",74.38,-0.5,-0.67%,74.73,75.01,73.87,140800,01/28/19
ALEX,"Alexander and Baldwin Inc",22.68,0.13,+0.58%,22.37,22.85,22.37,175400,01/28/19
ALG,"Alamo Group",85.51,-0.9,-1.04%,85.29,86.18,84.19,30900,01/28/19
ALGN,"Align Technology I",221.49,-5.73,-2.52%,224.5,225.91,220.15,1421300,01/28/19
ALGT,"Allegiant Travel Com",124.05,2.27,+1.86%,121.05,125.19,120.26,217200,01/28/19
ALK,"Alaska Air Group",64.53,1.05,+1.65%,63.01,65.3,63.01,1627400,01/28/19
ALKS,"Alkermes Plc",32.55,-1.52,-4.46%,33.82,34.69,32.5,716200,01/28/19
ALL,"Allstate Corp",86.49,0.34,+0.39%,85.9,86.54,85.55,2195000,01/28/19
ALLE,"Allegion Plc Ordinary Shares Wh",84.28,0.09,+0.11%,83.41,84.59,83.03,402500,01/28/19
ALLK,"Allakos Inc",42.85,-1.96,-4.37%,45,45.56,42.47,340800,01/28/19
ALLO,"Allogene Therapeutics Inc",29.52,-0.02,-0.07%,29.45,30.61,28.89,272300,01/28/19
ALLY,"Ally Financial",25.84,0.07,+0.27%,25.55,25.85,25.39,4806300,01/28/19
ALNA,"Allena Pharmaceuticals Inc",7.6,-0.42,-5.24%,7.98,8.02,7.47,25600,01/28/19
ALNY,"Alnylam Pharmaceut",76.66,-6.39,-7.69%,81.86,82.46,75.14,1768900,01/28/19
ALRM,Alarm.com,62.88,0.24,+0.38%,62.23,63.15,61.26,448100,01/28/19
ALSN,"Allison Transmission Holdings",48.19,-0.2,-0.41%,47.9,48.67,47.32,1112500,01/28/19
ALTR,"Altair Engineering Inc Class A",30.84,-0.41,-1.31%,30.94,31.1,30.28,139000,01/28/19
ALX,"Alexander's Inc",323.87,3.99,+1.25%,319.88,324.99,319.88,3900,01/28/19
ALXN,"Alexion Pharm Inc",119.21,-2.23,-1.84%,119.87,120,117,2012000,01/28/19
AMAG,"Amag Pharmaceuticals",15.44,-1.01,-6.14%,16.3,16.48,15.41,658700,01/28/19
AMAL,"Amalgamated Bk",19.45,-0.42,-2.11%,19.87,20.08,19.31,24700,01/28/19
AMAT,"Applied Materials",38.7,-0.49,-1.25%,37.62,38.95,37.52,12459600,01/28/19
AMBA,"Ambarella Inc",38.02,-0.4,-1.04%,37.81,38.54,37.75,617700,01/28/19
AMBC,"Ambac Financial Grp",18.61,0.01,+0.05%,18.49,18.74,18.49,193300,01/28/19
AMBR,"Amber Road Inc",8.45,-0.34,-3.87%,8.79,8.8,8.4,65800,01/28/19
AMC,"Amc Entertainment Holdings Inc",14.01,0,0.00%,13.97,14.17,13.88,688900,01/28/19
AMCX,"Amc Networks Cl A",64.34,-0.42,-0.65%,64.31,65.4,63.05,443100,01/28/19
AMD,"Adv Micro Devices",20.18,-1.75,-7.98%,20.32,21.01,20.02,135164000,01/28/19
AME,"Amtek Inc",70.15,-1.17,-1.64%,70.17,70.7,69.51,2027500,01/28/19
AMED,"Amedisys Inc",126.61,-2.39,-1.85%,128.05,128.45,125.47,212600,01/28/19
AMEH,"Apollo Medical Holdings Inc",18.95,0.14,+0.74%,18.6,19.36,18.6,10400,01/28/19
AMG,"Affiliated Managers Group",109.87,0.25,+0.23%,108.56,110.42,107.02,493400,01/28/19
AMGN,"Amgen Inc",191.95,-6.82,-3.43%,194.97,194.97,190.01,4186400,01/28/19
AMH,"American Homes 4 Rent",21.77,0.28,+1.30%,21.45,21.8,21.43,2205600,01/28/19
AMKR,"Amkor Technology",7.83,0.08,+1.03%,7.57,7.84,7.5,696700,01/28/19
AMN,"Amn Healthcare Services Inc",63.97,0,0.00%,63.59,64.31,63.01,281700,01/28/19
AMNB,"American Natl Bksh",32.32,-0.27,-0.83%,32.4,32.72,32.07,23900,01/28/19
AMOT,"Allied Motion Tech",42.06,-1.34,-3.09%,42.73,43.3,41.3,27100,01/28/19
AMP,"Ameriprise Financial Services",121.79,0.67,+0.55%,120.4,121.87,119.78,1042000,01/28/19
AMPE,"Ampio Pharmaceutical",0.48,-0.01,-2.04%,0.5,0.51,0.48,402700,01/28/19
AMPH,"Amphastar Pharma",21.88,-0.52,-2.32%,22.29,22.29,21.78,106900,01/28/19
AMR,"Alta Mesa Resources Inc",1.04,-0.05,-4.59%,1.1,1.1,1.03,562400,01/28/19
AMRC,"Ameresco Inc",14.63,-0.08,-0.54%,14.7,14.85,14.6,45800,01/28/19
AMRS,"Amyris Inc",2.94,-0.25,-7.84%,3.17,3.21,2.87,988200,01/28/19
AMRX,"Amneal Pharmaceuticals Inc",12.29,0.35,+2.93%,11.95,12.52,11.94,766400,01/28/19
AMSF,"Amerisafe Inc",58.55,0.95,+1.65%,57.59,58.76,57.57,89200,01/28/19
AMSWA,"Amer Software Inc",10.87,-0.15,-1.36%,10.92,11.09,10.74,66400,01/28/19
AMT,"American Tower Corp",168.05,0.64,+0.38%,166.94,168.05,165.67,1180400,01/28/19
AMTD,"TD Ameritrade HD",56.22,-0.04,-0.07%,55.74,56.24,55.43,1659300,01/28/19
AMWD,"Amer Woodmark Cp",67.43,-0.07,-0.10%,66.52,68.64,66.46,210200,01/28/19
AMZN,"Amazon.com Inc",1637.89,-32.68,-1.96%,1643.59,1645,1614.09,4837700,01/28/19
AN,"Autonation Inc",37.5,0.3,+0.81%,37,37.56,36.78,460100,01/28/19
ANAB,"Anaptysbio Inc",63,-4.47,-6.63%,66.47,67.4,62.97,321000,01/28/19
ANAT,"Amer Natl Insurance",137.06,1.35,+0.99%,135.7,137.37,135.11,20800,01/28/19
ANCX,"Access National Corp",24.33,0.12,+0.50%,24.15,24.35,24.01,51500,01/28/19
ANDE,"Andersons Inc",34.55,-0.21,-0.60%,34.52,34.66,34.23,57500,01/28/19
ANET,"Arista Networks Inc",215.32,-11.94,-5.25%,223.5,223.51,211.34,1161500,01/28/19
ANF,"Abercrombie & Fitch Company",21.5,0.23,+1.08%,21.09,21.71,21,1771200,01/28/19
ANGO,"Angiodynamics Inc",20.91,-0.37,-1.74%,21.13,21.33,20.87,83600,01/28/19
ANH,"Anworth Mortgage Asset Corp",4.42,-0.09,-2.00%,4.4,4.43,4.35,475600,01/28/19
ANIK,"Anika Therapeutics",37.05,0.04,+0.11%,36.8,37.1,36.19,85100,01/28/19
ANIP,"ANI Pharma Inc",52.94,-0.57,-1.07%,53.04,53.85,52.6,29600,01/28/19
ANSS,"Ansys Inc",160.7,-0.95,-0.59%,160.25,161.26,158.87,219400,01/28/19
ANTM,"Anthem Inc",270.01,-2.67,-0.98%,270.91,271.54,268.54,1316600,01/28/19
AOBC,"American Outdoor Brands Corp",12.02,-0.07,-0.58%,12.05,12.18,11.91,489300,01/28/19
AON,"AON Plc",153.67,-0.72,-0.47%,153.46,153.94,152.17,835900,01/28/19
AOS,"Smith [A.O.] Corp",48.2,0.6,+1.26%,47.04,48.4,46.96,1937800,01/28/19
AOSL,"Alpha and Omega Semi",11.79,-0.6,-4.84%,12.4,12.42,11.73,94100,01/28/19
APA,"Apache Corp",32.29,0.23,+0.72%,31.42,32.37,31.33,4626600,01/28/19
APAM,"Artisan Partners Asset Manageme",22.96,0.03,+0.13%,22.78,23.1,22.73,305300,01/28/19
APC,"Anadarko Petroleum Corp",46.45,-0.44,-0.94%,46.01,46.5,45.6,4711900,01/28/19
APD,"Air Products and Chemicals",159.89,-1.02,-0.63%,160.67,161.09,158.73,1364400,01/28/19
APEI,"American Pub. Edu.",29.58,-1.09,-3.55%,30.39,30.46,29.34,59500,01/28/19
APH,"Amphenol Corp",85.75,-0.55,-0.64%,85.58,85.92,84.94,1207900,01/28/19
APLE,"Apple Hospitality REIT Inc",15.71,0.02,+0.13%,15.62,15.73,15.57,1416800,01/28/19
APLS,"Apellis Pharmaceuticals Inc",13.23,-0.42,-3.08%,13.43,13.89,13.02,145300,01/28/19
APOG,"Apogee Entrpr Inc",33.77,0.02,+0.06%,33.5,34.26,33.5,185200,01/28/19
APPF,"Appfolio Cl A",61.21,-2.16,-3.41%,63,63.16,61.1,70300,01/28/19
APTS,"Preferred Apartment Communities",15.93,-0.06,-0.38%,15.97,16.2,15.58,404400,01/28/19
APTV,"Aptiv Plc",73.03,0.03,+0.04%,72.42,73.19,71.82,1604600,01/28/19
APTX,"Aptinyx Inc",5.29,-0.09,-1.67%,5.33,5.57,5.25,197600,01/28/19
APY,"Apergy Corp",33.99,-0.12,-0.35%,33.17,34.18,33.17,371800,01/28/19
AQ,"Aquantia Corp",8.75,-0.53,-5.71%,9.07,9.2,8.63,199800,01/28/19
AQST,"Aquestive Therapeutics Inc",7.98,0.06,+0.76%,8.02,8.31,7.57,147900,01/28/19
AQUA,"Evoqua Water Technologies Corp",10.31,0.01,+0.10%,10.19,10.38,10.04,712100,01/28/19
AR,"Antero Resources Corp",10.26,-0.15,-1.44%,10.3,10.46,10.15,4231000,01/28/19
ARA,"American Renal Associates Holdi",12.12,-0.01,-0.08%,12.05,12.16,11.89,53300,01/28/19
ARAY,"Accuray Incorporated",4.25,-0.22,-4.92%,4.48,4.62,4.22,1151400,01/28/19
ARCB,"Arcbest Corp",39.39,0.46,+1.18%,38.62,39.53,38.02,326800,01/28/19
ARCH,"Arch Coal Inc",86.21,-0.76,-0.87%,86.42,86.86,85.03,115000,01/28/19
ARD,"Ardagh Group S.A.",11.62,-0.31,-2.60%,11.88,11.88,11.55,115300,01/28/19
ARDX,"Ardelyx Inc",1.99,-0.03,-1.49%,2.02,2.09,1.96,165400,01/28/19
ARE,"Alexandria Real Estate Equities",126.27,0.86,+0.69%,124.85,126.3,124.85,653700,01/28/19
AREX,"Approach Res. Inc",0.91,-0.06,-6.57%,0.97,0.97,0.89,304300,01/28/19
ARGO,"Argo Group Intl Hlds",63.99,0,0.00%,63.59,64.04,63.3,130000,01/28/19
ARI,"Apollo Commercial Real Estate",17.77,0.01,+0.06%,17.75,17.82,17.69,882400,01/28/19
ARL,"American Realty Investors",13.13,0.12,+0.92%,13.03,13.13,13.03,900,01/28/19
ARLO,"Arlo Technologies Inc",6.88,0.08,+1.18%,6.75,6.98,6.6,2297600,01/28/19
ARMK,"Aramark Holdings Corp",32,-0.51,-1.57%,32.15,32.32,31.88,4478100,01/28/19
ARNA,"Arena Pharmaceutical",43.86,-0.71,-1.59%,43.97,44.66,43.49,541200,01/28/19
ARNC,"Arconic Inc",18.26,-0.28,-1.51%,18.3,18.52,18.06,3779200,01/28/19
AROC,"Archrock Inc",9.15,-0.27,-2.87%,9.21,9.29,8.99,1255600,01/28/19
AROW,"Arrow Financial Corp",31.89,-0.81,-2.48%,32.37,32.54,31.89,12000,01/28/19
ARQL,"Arqule Inc",3.41,-0.18,-5.01%,3.5,3.53,3.37,672400,01/28/19
ARR,"Armour Residential R",21.12,-0.02,-0.09%,21.16,21.2,21.03,494300,01/28/19
ARRS,"Arris Group Inc",31.28,0.18,+0.58%,31.05,31.3,31,2990600,01/28/19
ARRY,"Array Biopharma Inc",17.87,-0.03,-0.17%,17.5,17.95,17.43,2172400,01/28/19
ARTNA,"Artesian Res Cp A",34.66,-0.37,-1.06%,34.99,35,34.59,16800,01/28/19
ARW,"Arrow Electronics",75.02,-0.55,-0.73%,74.51,75.81,74.32,458200,01/28/19
ARWR,"Arrowhead Pharma",13.18,-0.54,-3.94%,13.54,13.75,13.02,1166700,01/28/19
ASB,"Associated Banc-Corp",22.4,0.37,+1.68%,22.03,22.43,21.82,2091700,01/28/19
ASC,"Ardmore Shipping Corp",5.62,-0.06,-1.06%,5.62,5.86,5.52,152000,01/28/19
ASGN,"On Assignment",61.76,-0.4,-0.64%,61.49,61.94,60.55,207800,01/28/19
ASH,"Ashland Global Holdings Inc",76,0.08,+0.11%,75.2,76.4,74.94,1201900,01/28/19
ASIX,"Advansix Inc",30.2,0.27,+0.90%,29.92,30.73,29.73,183400,01/28/19
ASMB,"Assembly Biosciences",21.06,-0.09,-0.43%,20.85,21.28,20.35,81000,01/28/19
ASNA,"Ascena Retail Grp",2.6,0.01,+0.39%,2.56,2.64,2.49,2237600,01/28/19
ASNS,"Arsanis Inc",2.83,-0.19,-6.29%,2.96,2.98,2.61,71600,01/28/19
ASPS,"Altisource Portfolio",23.53,0.32,+1.38%,23.16,23.86,23.02,38400,01/28/19
ASRT,"Assertio Therapeutics Inc",4.2,0.02,+0.48%,4.18,4.23,4.13,384000,01/28/19
ASTE,"Astec Inds Inc",36.96,-0.53,-1.41%,36.71,37.5,36.5,223400,01/28/19
ASUR,"Asure Software",5.53,-0.1,-1.78%,5.62,5.63,5.47,177300,01/28/19
AT,"Atlantic Power Corp",2.49,-0.07,-2.73%,2.55,2.55,2.48,204300,01/28/19
ATEN,"A10 Networks Inc",6.52,-0.09,-1.36%,6.56,6.63,6.5,285000,01/28/19
ATGE,"Adtalem Global Education Inc",49.22,-0.44,-0.89%,49.16,49.45,48.62,282000,01/28/19
ATH,"Athene Holding Ltd",42.94,0.07,+0.16%,42.52,42.95,42.41,747100,01/28/19
ATHN,"Athenahealth Inc",134.45,0.17,+0.13%,134.25,134.49,134.25,267200,01/28/19
ATHX,"Athersys Inc",1.68,-0.03,-1.75%,1.71,1.75,1.65,564700,01/28/19
ATI,"Allegheny Technologies Inc",26.54,-0.09,-0.34%,26.12,26.66,26.09,1231800,01/28/19
ATKR,"Atkore International Group",21.71,-0.39,-1.76%,21.75,22,21.59,218400,01/28/19
ATLO,"Ames Natl Corp",25.11,-0.14,-0.55%,25.16,25.23,25.01,5800,01/28/19
ATNI,"Atn International",74.67,-0.16,-0.21%,74.55,75.42,73.9,36800,01/28/19
ATNX,"Athenex Inc",11.43,-0.58,-4.83%,12,12,11.41,206900,01/28/19
ATO,"Atmos Energy Corp",94.33,-0.5,-0.53%,94.94,95.02,93.97,386700,01/28/19
ATR,Aptargroup,97.88,0.49,+0.50%,97.39,98.51,97.28,217900,01/28/19
ATRA,"Atara Biotherap",34.45,-1.48,-4.12%,35.76,35.76,34.23,342200,01/28/19
ATRC,"Atricure Inc",29.72,-1.35,-4.35%,31.1,31.1,29.67,155400,01/28/19
ATRI,"Atrion Corp",774.41,-5.59,-0.72%,777.83,782.59,769.99,5600,01/28/19
ATRO,"Astronics Cp",30.47,-0.14,-0.46%,30.36,30.75,29.97,51600,01/28/19
ATRS,"Antares Pharma",3,-0.06,-1.96%,3.07,3.07,2.93,549600,01/28/19
ATSG,"Air Transport",23.73,-0.39,-1.62%,23.93,24,23.52,301800,01/28/19
ATU,"Actuant Corp",22.11,-0.17,-0.76%,22.71,22.71,21.95,318000,01/28/19
ATVI,"Activision Blizzard",46.74,-1.06,-2.22%,47,47.22,45.96,8807101,01/28/19
AUBN,"Auburn Natl Bncp I",33.52,0.36,+1.09%,33.59,33.63,33,2700,01/28/19
AVA,"Avista Corp",40.99,-0.02,-0.05%,41.01,41.19,40.86,578300,01/28/19
AVAV,"Aerovironment Inc",76.16,-2.54,-3.23%,78,78.39,75.82,182100,01/28/19
AVB,"Avalonbay Communities",188.84,2.19,+1.17%,186.26,188.96,185.51,693000,01/28/19
AVD,"American Vanguard Corp",17.17,-0.2,-1.15%,17.17,17.35,16.99,52600,01/28/19
AVEO,"Aveo Pharmaceuticals",1.76,-0.05,-2.76%,1.78,1.85,1.72,765000,01/28/19
AVGO,"Broadcom Ltd",267.62,-0.32,-0.12%,261.56,268.85,258.65,3132000,01/28/19
AVID,"Avid Tech Inc",4.53,-0.08,-1.74%,4.57,4.59,4.37,139400,01/28/19
AVLR,"Avalara Inc",39.76,-1.04,-2.55%,40.37,40.37,39.46,488600,01/28/19
AVNS,"Avanos Medical Inc",44.18,-1.13,-2.49%,44.83,45.14,43.95,206600,01/28/19
AVRO,"Avrobio Inc. Common Stock",12.5,-0.21,-1.65%,12.7,12.75,11.85,111200,01/28/19
AVT,"Avnet Inc",40.74,-0.3,-0.73%,40.41,40.82,39.98,1125100,01/28/19
AVX,"Avx Corp",17.57,-0.08,-0.45%,17.43,17.83,17.15,454800,01/28/19
AVY,"Avery Dennison Corp",97.84,0.64,+0.66%,96.78,97.86,96.4,589700,01/28/19
AVYA,"Avaya Holdings Corp",16.66,0.45,+2.78%,15.9,16.67,15.79,966200,01/28/19
AWI,"Armstrong World Industries Inc",66.38,0.32,+0.48%,65.53,66.63,65.4,402000,01/28/19
AWK,"American Water Works",93.02,-0.25,-0.27%,93.34,93.67,92.36,529800,01/28/19
AWR,"American States Water Company",65.18,-0.43,-0.66%,65.47,65.8,64.54,127400,01/28/19
AX,"Axos Financial Inc.",28.5,0.39,+1.39%,28.12,28.72,28.05,757500,01/28/19
AXAS,"Abraxas Petro Corp",1.19,-0.07,-5.56%,1.23,1.23,1.16,771900,01/28/19
AXDX,"Accelerate Diagnosti",20.08,1.15,+6.08%,18.87,20.33,18.43,581600,01/28/19
AXE,"Anixter International Inc",60.72,-0.52,-0.85%,60.18,61.25,59.58,217200,01/28/19
AXGN,"Axogen Inc",16.51,-0.5,-2.94%,16.82,16.86,16.31,574500,01/28/19
AXL,"American Axle & Manufacturing",14.43,-0.28,-1.90%,14.46,14.61,14.37,1274300,01/28/19
AXP,"American Express Company",100.38,-0.39,-0.39%,100.05,100.41,99.48,3185300,01/28/19
AXS,"Axis Capital Holdings",54.81,-0.06,-0.11%,54.55,54.94,54.55,509000,01/28/19
AXTA,"Axalta Coating Systems Ltd",25.6,0.05,+0.20%,25.4,25.6,25.15,2383400,01/28/19
AXTI,"Axt Inc",4.03,-0.11,-2.66%,4.04,4.07,3.9,213300,01/28/19
AYI,"Acuity Brands Inc",118.67,-0.12,-0.10%,117.47,119.13,116.29,231100,01/28/19
AYR,"Aircastle Ltd",20.39,-0.1,-0.49%,20.3,20.51,20.16,412700,01/28/19
AYX,"Alteryx Inc",70.03,0.13,+0.19%,69,70.74,67.44,796700,01/28/19
AZO,Autozone,819.01,4.37,+0.54%,812.09,821.41,803.28,274400,01/28/19
AZPN,"Aspen Technology",96.91,-1.88,-1.90%,97.79,97.79,96.11,551500,01/28/19
AZZ,"Azz Inc",43.5,-1.22,-2.73%,44.1,44.25,42.83,93400,01/28/19
B,"Barnes Group",56.97,-1.01,-1.74%,57.26,57.99,56.3,162100,01/28/19
BA,"Boeing Company",362.97,-1.23,-0.34%,360.65,363.17,357.5,3128800,01/28/19
BABY,"Natus Medical Inc",33.46,-0.42,-1.24%,33.77,33.96,33.19,179900,01/28/19
BAC,"Bank of America Corp",29.63,0.05,+0.17%,29.32,29.67,29.29,59963801,01/28/19
BAH,"Booz Allen Hamilton Holding Corp",47.76,-0.59,-1.22%,48.08,48.26,47.68,1065100,01/28/19
BANC,"First Pactrust Bancorp",14.95,0.16,+1.08%,14.77,15.04,14.77,443300,01/28/19
BANF,"Bancfirst Corp",53.65,0.08,+0.15%,53.53,53.82,53.19,50300,01/28/19
BANR,"Banner Corp",54.13,0.1,+0.19%,53.71,54.6,53.71,210100,01/28/19
BAS,"Basic Energy Services",4.82,-0.33,-6.41%,5.03,5.05,4.68,184500,01/28/19
BATRA,"Liberty Braves CS A",26.89,-0.01,-0.04%,26.87,26.94,26.59,48200,01/28/19
BATRK,"Liberty Braves CS C",26.74,-0.01,-0.04%,26.57,26.75,26.44,144800,01/28/19
BAX,"Baxter International Inc",70.17,-0.16,-0.23%,69.93,70.42,69.86,2213500,01/28/19
BBBY,"Bed Bath & Beyond",14.76,-0.04,-0.27%,14.79,15.18,14.69,6780800,01/28/19
BBGI,"Beasley Brdcst Gr",4.68,-0.08,-1.58%,4.7,4.77,4.59,32400,01/28/19
BBSI,"Barrett Business S",61.82,-1.5,-2.37%,62.9,62.9,61.45,22400,01/28/19
BBT,"BB&T Corp",49.27,-0.1,-0.20%,49.02,49.46,48.81,3229700,01/28/19
BBX,"Bbx Capital Corp",6.1,0.01,+0.16%,6.04,6.11,6.03,201600,01/28/19
BBY,"Best Buy CO",59.5,0.16,+0.27%,58.74,59.54,58.07,2746700,01/28/19
BC,"Brunswick Corp",49.97,0.04,+0.08%,49.7,50.41,49.56,862600,01/28/19
BCBP,"Bcb Bancorp Inc",11.05,-0.03,-0.27%,11.07,11.18,11,29000,01/28/19
BCC,"Boise Cascade L.L.C.",26.09,0.04,+0.15%,25.73,26.39,25.54,370600,01/28/19
BCEI,"Bonanza Creek Energy Inc",23.83,-0.73,-2.97%,24.07,24.07,23.41,169700,01/28/19
BCML,"Bay Commercial Bk CA",21.65,0.13,+0.60%,21.52,21.88,21.42,7900,01/28/19
BCO,"Brink's Company",71.88,-0.01,-0.01%,71.25,72.27,71.01,311900,01/28/19
BCOR,"Blucora Inc",29.6,-0.06,-0.20%,29.4,29.81,29.3,102100,01/28/19
BCOV,"Brightcove Inc",7.52,-0.09,-1.18%,7.55,7.6,7.48,151800,01/28/19
BCPC,"Balchem Cp",81.93,-0.46,-0.55%,81.53,82.64,81.14,67500,01/28/19
BCRX,"Biocryst Pharma Inc",8.95,-0.77,-7.92%,9.85,9.95,8.74,1240700,01/28/19
BDC,"Belden Inc",53.12,-0.3,-0.56%,52.41,53.5,52.41,425200,01/28/19
BDGE,"Bridge Bancorp Inc",28.41,-0.02,-0.07%,28.26,28.92,28.15,21600,01/28/19
BDN,"Brandywine Realty Trust",14.86,-0.02,-0.13%,14.86,14.94,14.71,2156100,01/28/19
BDX,"Becton Dickinson and Company",241.84,-1.22,-0.50%,241.12,242.2,239.7,740800,01/28/19
BEAT,"Biotelemetry Inc",69.83,-0.17,-0.24%,69.65,70.11,67.22,599900,01/28/19
BECN,"Beacon Roofing Suppl",36.02,0.93,+2.65%,34.69,36.5,34.62,757000,01/28/19
BEL,"Belmond Ltd",24.87,0,0.00%,24.87,24.92,24.85,1834600,01/28/19
BELFB,"Bel Fuse Inc Cl B",21.53,-0.37,-1.69%,21.48,23.18,20.79,20000,01/28/19
BEN,"Franklin Resources",31.83,0.24,+0.76%,31.38,31.93,31.3,3017500,01/28/19
BERY,"Berry Global Group",50.8,-0.23,-0.45%,50.91,51.09,50.41,1020000,01/28/19
BF.A,"Brown Forman Inc Cl A",45.96,-0.11,-0.24%,45.82,46.1,45.72,9200,01/28/19
BFAM,"Bright Horizons Family Solutions Inc",113.87,-0.6,-0.52%,113.47,114.45,113.28,125700,01/28/19
BF.B,"Brown Forman Inc Cl B",45.41,-0.09,-0.20%,45.33,45.5,45,722700,01/28/19
BFIN,"Bankfinancial Corpor",15.15,0.16,+1.07%,14.92,15.25,14.9,45600,01/28/19
BFS,"Saul Centers",52.74,-0.06,-0.11%,52.45,53.52,52.45,18600,01/28/19
BFST,"Business First Bancshares Inc",23.45,0.36,+1.56%,22.91,23.75,22.8,7200,01/28/19
BG,"Bunge Ltd",53.93,0.64,+1.20%,53.07,54.02,52.65,1531700,01/28/19
BGCP,"Bgc Partners Cl A",6.22,0,0.00%,6.17,6.27,6.11,1353800,01/28/19
BGFV,"Big 5 Sporting",3.53,-0.02,-0.56%,3.5,3.59,3.41,210800,01/28/19
BGG,"Briggs & Stratton Corp",12.16,0.08,+0.66%,11.8,12.43,11.67,997000,01/28/19
BGS,"B&G Foods Holdings",26.68,0.01,+0.04%,26.66,26.83,26.16,776700,01/28/19
BGSF,"Bg Staffing",23.91,0.54,+2.31%,23.75,24,23.05,93400,01/28/19
BH,"Biglari Holdings Inc",126.68,0.67,+0.53%,124.17,126.99,124.17,5000,01/28/19
BH.A,"Biglari Holdings Inc. Class A",649.45,24.25,+3.88%,649.45,649.45,649.45,100,01/28/19
BHB,"Bar Harbor Bankshares",22.89,-0.32,-1.38%,23.15,23.67,22.7,28900,01/28/19
BHBK,"Blue Hills Bancorp",23.33,0.14,+0.60%,23.03,23.44,23.03,119400,01/28/19
BHE,"Benchmark Electronics",24.42,0.08,+0.33%,24.1,24.52,23.97,227500,01/28/19
BHF,"Brighthouse Financial Inc",37.28,-0.39,-1.04%,37.11,37.78,36.96,1035700,01/28/19
BHGE,"Baker Hughes A Ge Co. Cl. A",22.98,-0.51,-2.17%,23.28,23.28,22.61,4181100,01/28/19
BHLB,"Berkshire Hills Bancorp",27.53,0.04,+0.15%,27.42,27.83,27.37,255700,01/28/19
BHR,"Braemar Hotels & Resorts Inc",10.41,0.19,+1.86%,10.18,10.53,10.12,206200,01/28/19
BHVN,"Biohaven Pharmaceutical Holding Company Ltd",35.08,-0.76,-2.12%,35.36,36.11,34.59,367500,01/28/19
BID,"Sotheby's Holdings",38.95,-0.08,-0.20%,38.66,39.65,38.39,296600,01/28/19
BIG,"Big Lots",31.87,-0.63,-1.94%,32.2,32.22,31.37,1068400,01/28/19
BIIB,"Biogen Inc",330.01,-6.76,-2.01%,335.19,335.88,326.84,1230500,01/28/19
BIO,"Bio-Rad Laboratories",238.07,-2.24,-0.93%,237.86,238.21,235.52,124800,01/28/19
BIOS,"Bioscrip Inc",3.57,-0.08,-2.19%,3.59,3.65,3.52,401300,01/28/19
BJ,"Bj's Wholesale Club Holdings Inc",26.55,0.36,+1.37%,25.92,26.87,25.7,1931600,01/28/19
BJRI,"Bj's Restaurants Inc",53.2,0.81,+1.55%,52.21,54.09,52.12,354800,01/28/19
BK,"Bank of New York Mellon Corp",53.44,0.04,+0.07%,53.02,53.47,52.84,5413300,01/28/19
BKD,"Brookdale Senior Living Inc",8.1,-0.18,-2.17%,8.18,8.25,7.95,1773600,01/28/19
BKE,"Buckle Inc",17.66,-0.24,-1.34%,17.8,17.95,17.54,283700,01/28/19
BKH,"Black Hills Corp",65.21,0.71,+1.10%,64.53,65.27,64.48,381700,01/28/19
BKI,"Black Knight Inc",48.31,0.16,+0.33%,47.7,48.47,47.7,366700,01/28/19
BKNG,"Booking Holdings Inc",1813.6,11.4,+0.63%,1787.62,1835,1780.18,387700,01/28/19
BKS,"Barnes & Noble",6.21,-0.12,-1.90%,6.3,6.3,6.03,1159600,01/28/19
BKU,"BankUnited Inc",34.44,0.52,+1.53%,33.71,34.46,33.66,595200,01/28/19
BL,"Blackline Inc",45.02,-0.52,-1.14%,44.95,45.38,44.49,196700,01/28/19
BLBD,"Blue Bird Corp",20.01,-0.05,-0.25%,19.89,20.09,19.68,63100,01/28/19
BLCM,"Bellicum Pharma Comm",3.15,-0.14,-4.26%,3.27,3.28,3.08,377200,01/28/19
BLD,"Topbuild Corp",49.17,0.29,+0.59%,48.42,50.23,48.42,166900,01/28/19
BLDR,"Builders Firstsource",12.79,0.1,+0.79%,12.51,12.98,12.51,523100,01/28/19
BLK,Blackrock,405.36,-4.59,-1.12%,405.85,407.88,402.4,640400,01/28/19
BLKB,"Blackbaud Inc",70.04,-0.1,-0.14%,69.58,71.11,68.91,308000,01/28/19
BLL,"Ball Corp",50.79,-0.96,-1.86%,51.58,51.6,50.71,2543000,01/28/19
BLMN,"Bloomin' Brands Inc",19.48,0.52,+2.74%,18.81,19.64,18.81,980900,01/28/19
BLMT,"Bsb Bancorp Inc",33,0.12,+0.36%,32.7,33.06,32.6,59700,01/28/19
BLUE,"Bluebird Bio",126.27,-3.53,-2.72%,126.64,127.29,122.61,644700,01/28/19
BLX,"Banco Latinoamericano DE Comercio",18.37,-0.13,-0.70%,18.35,18.54,18.14,100700,01/28/19
BMCH,"Bmc Stock Holdings",16.82,-0.1,-0.59%,16.71,17.08,16.67,189600,01/28/19
BMI,"Badger Meter",51.91,-1.27,-2.39%,52.4,52.72,51.41,94700,01/28/19
BMRC,"Bank of Marin Bancrp",41.62,-0.47,-1.12%,42.89,44.08,41.62,43900,01/28/19
BMRN,"Biomarin Pharmaceut",93.19,-2.25,-2.36%,94.37,94.88,91.5,746000,01/28/19
BMS,"Bemis Company",48.57,-0.17,-0.35%,48.53,48.59,48.32,509700,01/28/19
BMTC,"Bryn Mawr Bank Corp",37.55,-0.05,-0.13%,37.36,38.22,37.28,37600,01/28/19
BMY,"Bristol-Myers Squibb Company",48.32,-0.61,-1.25%,48.67,48.83,48.14,9723399,01/28/19
BNCL,"Beneficial Bancorp",15.72,0,0.00%,15.59,15.78,15.54,242400,01/28/19
BNED,"Barnes & Noble Education Inc C",5.69,-0.02,-0.35%,5.65,5.85,5.58,295600,01/28/19
BNFT,Benefitfocus,55.2,1.32,+2.45%,53.33,55.98,52.85,389900,01/28/19
BOCH,"Bank of Commerce Hld",11.12,-0.03,-0.27%,11.01,11.19,11.01,16800,01/28/19
BOH,"Bank of Hawaii Corp",80.25,3.46,+4.51%,76.45,80.32,74.94,494000,01/28/19
BOJA,"Bojangles Inc CS",16.09,-0.01,-0.06%,16.09,16.1,16.08,276600,01/25/19
BOKF,"Bok Financial Corp",82.65,0.87,+1.06%,81.61,82.75,81.61,132600,01/28/19
BOLD,"Audentes Therapeutics Inc",22.67,-1.09,-4.59%,23.31,23.75,22.6,293400,01/28/19
BOMN,"Boston Omaha Corporation Class A",24.81,-0.17,-0.68%,24.73,25.33,24.57,14300,01/28/19
BOOM,"Dynamic Materials",34.77,-1.38,-3.82%,35.86,35.95,34.56,58100,01/28/19
BOOT,"Boot Barn Holdings Inc",22.98,0.36,+1.59%,22.26,23.18,22.03,738400,01/28/19
BOX,"Box Inc",20.31,0.11,+0.54%,19.9,20.33,19.67,1236800,01/28/19
BPFH,"Boston Pvt Finl Hldg",11.71,0.08,+0.69%,11.57,11.74,11.53,249200,01/28/19
BPMC,"Blueprint Medi Cm ST",69.4,0.08,+0.12%,68.86,69.99,68.09,307400,01/28/19
BPOP,"Popular Inc",54.01,0.53,+0.99%,53.18,54.01,53,555900,01/28/19
BPR,"Brookfield Property REIT Inc",17.82,0.01,+0.06%,17.75,17.86,17.7,806500,01/28/19
BPRN,"Bank of Princeton",29.75,-0.18,-0.60%,29.65,29.89,29.58,6000,01/28/19
BR,"Broadridge Financial Solutions Llc",100.55,-1.29,-1.27%,100.81,101.33,100.06,320800,01/28/19
BRC,"Brady Corp",43.45,-1.03,-2.32%,44.08,44.19,43.34,520000,01/28/19
BREW,"Craft Brew Alliance",16.15,-0.22,-1.34%,16.36,16.41,15.94,45400,01/28/19
BRG,"Bluerock Residential Growth Rei",10.27,-0.01,-0.10%,10.25,10.43,10.19,131700,01/28/19
BRK.B,"Berkshire Hath Hld Cl B",200.95,-1.8,-0.89%,201.49,201.75,199.81,3718000,01/28/19
BRKL,"Brookline Bancorp",14.66,0.18,+1.24%,14.47,14.69,14.43,297200,01/28/19
BRKR,"Bruker Corp",34.31,-0.46,-1.32%,34.5,34.6,34.23,291300,01/28/19
BRKS,"Brooks Automation",30.28,-0.21,-0.69%,29.48,30.45,29.05,381800,01/28/19
BRO,"Brown & Brown",27.96,-0.24,-0.85%,28.1,28.2,27.78,1332900,01/28/19
BRS,"Bristow Group Inc",4.11,-0.06,-1.44%,4.09,4.18,3.75,2245200,01/28/19
BRSS,"Global Brass and Copper Holdin",28.84,-0.35,-1.20%,28.78,29.01,28.43,64000,01/28/19
BRT,"BRT Realty Trust",12.67,-0.18,-1.40%,12.76,12.98,12.62,28100,01/28/19
BRX,"Brixmor Property Group Inc",16.76,0.26,+1.58%,16.5,16.89,16.49,1980700,01/28/19
BRY,"Berry Pete Corp",11.18,0.23,+2.10%,10.87,11.28,10.69,1581000,01/28/19
BSET,"Bassett Furniture",18.72,0.07,+0.38%,18.47,19.17,18.26,40100,01/28/19
BSIG,"Brightsphere Investment Group Plc",12.36,-0.01,-0.08%,12.32,12.61,12.27,596900,01/28/19
BSRR,"Sierra Bancorp",26.92,0.01,+0.04%,26.75,27.02,26.44,39900,01/28/19
BSTC,"Biospecifics Tech Cp",63.98,-0.04,-0.06%,63.61,64.81,62.75,35200,01/28/19
BSX,"Boston Scientific Corp",36.85,-0.6,-1.60%,37.2,37.2,36.68,5259000,01/28/19
BTU,"Peabody Energy Corp",35.68,0.24,+0.68%,35.26,35.83,34.94,493200,01/28/19
BTX,"Biotime Inc",0.89,-0.05,-5.32%,0.92,0.96,0.85,670700,01/28/19
BURL,"Burlington Stores Inc",167.44,-0.55,-0.33%,166.28,167.64,164.6,430700,01/28/19
BUSE,"First Busey Corp",25.86,-0.09,-0.35%,25.85,26.09,25.55,120300,01/28/19
BV,"Brightview Holdings Inc",14.85,0,0.00%,14.85,15.05,14.41,445300,01/28/19
BW,"Babcock & Wilcox Enterprises I",0.53,0.09,+19.64%,0.51,0.56,0.47,2278200,01/28/19
BWA,"Borgwarner Inc",40.58,-0.4,-0.98%,40.48,40.77,40.15,1183200,01/28/19
BWB,"Bridgewater Bancshares Inc",11.38,0.23,+2.06%,11.15,11.5,11.01,186600,01/28/19
BWFG,"Bankwell Financial",28.76,-0.19,-0.66%,28.95,29.26,28.75,17400,01/28/19
BWXT,"Bwx Technologies Inc",45.17,0.09,+0.20%,44.5,45.34,44.5,536200,01/28/19
BXC,"Bluelinx Holdings Inc",28.63,0.32,+1.13%,27.98,29,27.29,92200,01/28/19
BXG,"Bluegreen Vacations Corporation",13,0,0.00%,12.87,13.44,12.81,110200,01/28/19
BXMT,"Blackstone Mortgage Trust Inc Cl A",33.69,0.18,+0.54%,33.44,33.77,33.4,801500,01/28/19
BXP,"Boston Properties",124.87,1.39,+1.13%,123.28,125.3,122.45,607100,01/28/19
BXS,"Bancorpsouth Inc",29.27,0.26,+0.90%,28.85,29.28,28.79,348800,01/28/19
BY,"Byline Bancorp Inc",18.5,0.62,+3.47%,17.78,18.68,17.78,77400,01/28/19
BYD,"Boyd Gaming Corp",26.59,-0.13,-0.49%,26.3,27,26.2,1001100,01/28/19
BZH,"Beazer Homes USA",11.53,-0.07,-0.60%,11.45,11.71,11.4,432800,01/28/19
C,"Citigroup Inc",63.85,-0.17,-0.27%,63.19,64.06,63.1,12683500,01/28/19
CABO,"Cable One Inc",867.8,3.05,+0.35%,861.01,875.15,854.91,40700,01/28/19
CAC,"Camden Natl Cp",39.22,-0.79,-1.97%,39.77,39.82,38.8,31300,01/28/19
CACC,"Credit Acceptance",411.89,1.96,+0.48%,405.02,413.54,404.83,83600,01/28/19
CACI,"Caci International",156.14,-1.32,-0.84%,156.14,157.78,155.6,138700,01/28/19
CADE,"Cadence Bancorporation Class A",19.13,0.28,+1.49%,18.22,19.17,17.95,2564500,01/28/19
CAG,"Conagra Brands Inc",21.29,0.28,+1.33%,21.04,21.35,20.85,6775600,01/28/19
CAH,"Cardinal Health",49.14,-0.21,-0.43%,49.16,49.43,48.48,1956400,01/28/19
CAI,"Cai International",24.29,0.12,+0.50%,23.79,24.44,23.79,234400,01/28/19
CAKE,"Cheesecake Fact",45.9,0.99,+2.20%,44.68,46.12,44.42,635200,01/28/19
CAL,"Caleres Inc",28.7,-0.06,-0.21%,28.56,29.14,28.4,305100,01/28/19
CALA,"Calithera Biosci Com",4.08,-0.13,-3.09%,4.15,4.24,4,81600,01/28/19
CALM,"Cal-Maine Foods IN",42,0.26,+0.62%,41.72,42.03,41.17,213500,01/28/19
CALX,"Calix Inc",10.94,-0.17,-1.53%,10.99,11.08,10.83,247200,01/28/19
CAMP,"Calamp Corp",14.15,-0.56,-3.81%,14.51,14.57,14.04,309600,01/28/19
CAR,"Avis Budget Group I",26.18,-0.05,-0.19%,25.79,26.31,25.45,783500,01/28/19
CARA,"Cara Therapeutics",14.82,-0.62,-4.02%,15.37,15.44,14.78,620000,01/28/19
CARB,"Carbonite Inc",27.85,-0.28,-1.00%,27.65,28.15,27.49,255400,01/28/19
CARG,"Cargurus Inc Class A",40.96,-0.39,-0.94%,40.97,41.89,40.32,469700,01/28/19
CARO,"Carolina Financial Corp",34.49,0.29,+0.85%,34.18,34.77,33.94,66000,01/28/19
CARS,"Cars.com Inc",26.18,0.29,+1.12%,25.63,26.47,25.63,782900,01/28/19
CASA,"Casa Systems Inc",11.87,-0.4,-3.26%,12.17,12.2,11.82,288400,01/28/19
CASH,"Meta Financial Grp",22.58,0.26,+1.16%,22.33,22.59,22.01,345100,01/28/19
CASI,"Casi Phrmactcls Inc",3.42,-0.05,-1.44%,3.41,3.45,3.29,160900,01/28/19
CASS,"Cass Information Sys",50.8,-0.93,-1.80%,51.36,51.69,50.46,29000,01/28/19
CASY,"Casey's General Stor",131.3,-2.36,-1.77%,133.04,134.28,131.22,247700,01/28/19
CAT,"Caterpillar Inc",124.37,-12.49,-9.13%,126.99,127.8,123.15,17421400,01/28/19
CATC,"Cambridge Bancorp",73.96,0.35,+0.48%,72.3,76,72.3,3500,01/28/19
CATM,"Cardtronics Inc",30.72,-0.05,-0.16%,30.27,30.92,30.17,229000,01/28/19
CATO,"Cato Corp",15.43,-0.09,-0.58%,15.48,15.56,15.22,104300,01/28/19
CATY,"Cathay Genl Bncp",37.32,-0.07,-0.19%,37.23,37.84,36.9,552800,01/28/19
CB,"Chubb Ltd",131.99,-0.3,-0.23%,131.71,132.5,130.72,1323200,01/28/19
CBAY,"Cymabay Therapeutics",8.5,-0.28,-3.19%,8.64,8.86,8.29,501000,01/28/19
CBB,"Cincinnati Bell Inc",8.35,0,0.00%,8.25,8.43,8.08,240400,01/28/19
CBFV,"Cb Financial Svc",24.01,-0.29,-1.19%,24.33,24.33,23.75,5600,01/28/19
CBIO,"Catalyst Bio",7.73,0.06,+0.78%,7.61,7.9,7.45,347600,01/28/19
CBL,"Cbl & Associates Properties",2.39,0.04,+1.70%,2.34,2.42,2.34,1584400,01/28/19
CBLK,"Carbon Black Inc",14.3,0.01,+0.07%,14.09,14.55,13.76,964100,01/28/19
CBM,"Cambrex Corp",44.4,0.45,+1.02%,43.53,44.55,43.35,222900,01/28/19
CBMG,"Cellular Biomedicine",16.92,-0.15,-0.88%,16.9,17.05,16.34,53900,01/28/19
CBOE,"CBOE Global Markets Inc",96.73,0.7,+0.73%,95.69,97,95.23,461100,01/28/19
CBPX,"Continental Building Products",24.95,0,0.00%,24.5,25.07,24.38,167800,01/28/19
CBRE,"CBRE Group Inc",44.53,-0.12,-0.27%,44.13,44.62,43.85,1256400,01/28/19
CBRL,"Cracker Barrel",169.86,1.77,+1.05%,167.77,170.25,167.41,421900,01/28/19
CBS,"CBS Corp",50.05,0.88,+1.79%,48.95,50.34,48.72,3265700,01/28/19
CBSH,"Commerce Bancshares",61.11,0.44,+0.73%,60.56,61.18,60.32,881600,01/28/19
CBT,"Cabot Corp",46.41,-0.51,-1.09%,46.45,46.84,46.05,385700,01/28/19
CBTX,"Cbtx Inc",32.13,-0.17,-0.53%,32.06,32.35,31.77,24900,01/28/19
CBU,"Community Bank System",60.91,0.76,+1.26%,60.05,60.92,59.66,211100,01/28/19
CBZ,"Cbiz Inc",19.6,-0.28,-1.41%,19.72,19.79,19.54,182100,01/28/19
CC,"Chemours Company",34.79,-0.94,-2.63%,35.2,35.41,34.57,1176000,01/28/19
CCB,"Coastal Financial Corporation",15.34,0.33,+2.20%,15.15,15.35,14.76,7800,01/28/19
CCBG,"Capital City Bank Gr",23.9,-0.24,-0.99%,24.1,24.23,23.7,7900,01/28/19
CCF,"Chase Corp",97.45,-2.67,-2.67%,99.07,99.26,96.82,12900,01/28/19
CCI,"Crown Castle International Corp",114.38,0.68,+0.60%,113.69,114.59,112.75,2026900,01/28/19
CCK,"Crown Cork & Seal Company",49.01,-0.41,-0.83%,49.13,49.76,48.83,1171300,01/28/19
CCL,"Carnival Corp",56.4,0.89,+1.60%,55.36,56.45,55.15,4511100,01/28/19
CCMP,"Cabot Microelectron",99.23,-0.33,-0.33%,97.43,100.26,97.43,134000,01/28/19
CCNE,"Cnb Financial Corp",24.78,0,0.00%,24.74,25.13,24.63,19600,01/28/19
CCO,"Clear Channel Outdoor Holdings",5.4,-0.08,-1.46%,5.42,5.5,5.35,59100,01/28/19
CCOI,"Cogent Comm Hldgs",47.62,-0.53,-1.10%,48,48.34,47.62,146800,01/28/19
CCRN,"Cross Ctry Hlthcr",9.39,-0.14,-1.47%,9.33,9.49,9.33,133100,01/28/19
CCS,"Century Communities Inc",21.78,0.16,+0.74%,21.41,21.97,21.19,588400,01/28/19
CCXI,"Chemocentryx Inc",11.63,-0.8,-6.44%,12.43,12.46,11.6,131700,01/28/19
CDAY,"Ceridian Hcm Holding Inc",39.62,0.22,+0.56%,39,39.77,38.68,381200,01/28/19
CDE,"Coeur Mining Inc",4.75,0.08,+1.71%,4.72,4.82,4.65,2318700,01/28/19
CDEV,"Centennial Resource Development Inc",12.92,-0.15,-1.15%,12.82,13.19,12.5,2665300,01/28/19
CDK,"Cdk Global Inc",51.31,-0.08,-0.16%,51.03,51.48,50.71,1228200,01/28/19
CDLX,"Cardlytics Inc",18.29,0.65,+3.68%,17.57,18.34,16.95,126300,01/28/19
CDMO,"Avid Bioservices Inc",3.84,-0.18,-4.48%,3.97,4.07,3.82,362800,01/28/19
CDNA,"Caredx Inc",27.46,-1.31,-4.55%,28.33,28.33,26.51,707600,01/28/19
CDNS,"Cadence Design Sys",46.46,-0.13,-0.28%,45.96,46.46,45.76,1086200,01/28/19
CDR,"Cedar Shopping Centers Inc",3.45,0.05,+1.47%,3.38,3.52,3.38,341600,01/28/19
CDW,"CDW Corp",82.07,0.11,+0.13%,80.87,82.37,80.85,1094000,01/28/19
CDXC,"Chromadex Corp CS",3.3,-0.08,-2.37%,3.36,3.44,3.28,87500,01/28/19
CDXS,"Codexis Inc",16.94,-0.25,-1.45%,16.91,17.13,16.69,183500,01/28/19
CDZI,"Cadiz Inc",10.01,-0.24,-2.34%,10.19,10.19,9.98,33200,01/28/19
CE,"Celanese Corp",97.65,0.38,+0.39%,96.5,97.79,95.94,1977800,01/28/19
CECE,"C E C O Envir",6.64,-0.2,-2.92%,6.8,6.8,6.57,50000,01/28/19
CECO,"Career Education",13.04,0.1,+0.77%,12.89,13.1,12.72,322700,01/28/19
CEIX,"Consol Energy Inc",34.57,-0.13,-0.37%,34.37,34.76,33.92,157200,01/28/19
CELC,"Celcuity Inc",21.87,-0.59,-2.63%,21.91,22.13,21.66,3100,01/28/19
CELG,"Celgene Corp",87.26,-0.36,-0.41%,87.14,87.7,86.91,6530400,01/28/19
CELH,"Celsius Holdings Inc",3.65,-0.02,-0.54%,3.61,3.76,3.59,38100,01/28/19
CENT,"Central Garden",39.01,-0.47,-1.19%,39.32,39.62,38.85,83100,01/28/19
CENTA,"Central Garden & Pet",35.44,-0.43,-1.20%,35.69,35.97,35.21,163700,01/28/19
CENX,"Century Aluminum C",8.54,-0.49,-5.43%,8.9,8.9,8.51,1241100,01/28/19
CERN,"Cerner Corp",54.95,0.05,+0.09%,54.52,55.1,54.42,1771700,01/28/19
CERS,"Cerus Corp",5.61,-0.13,-2.26%,5.72,5.76,5.55,618900,01/28/19
CETV,"Central EUR Med A",3.1,-0.06,-1.90%,3.14,3.14,3.06,456400,01/28/19
CEVA,"Ceva Inc",28.09,0.15,+0.54%,27.39,28.16,27.02,103500,01/28/19
CF,"Cf Industries Holdings",42.97,0.42,+0.99%,42,43.18,41.72,2325400,01/28/19
CFFI,"C&F Financial Corp",50.49,-0.01,-0.02%,51.22,51.6,50.15,5200,01/28/19
CFFN,"Capitol Fed Finl Inc",13.67,-0.04,-0.29%,13.62,13.7,13.44,376900,01/28/19
CFG,"Citizens Financial Group Inc/Ri",35.34,-0.1,-0.28%,35.2,35.54,35.07,3565500,01/28/19
CFR,"Cullen/Frost Bankers",99.92,0.67,+0.68%,98.7,100.07,98.67,206200,01/28/19
CFX,"Colfax Corp",23.95,-0.74,-3.00%,24.33,24.5,23.65,1635900,01/28/19
CGNX,"Cognex Cp",42.9,-0.87,-1.99%,42.74,43.45,42.35,983900,01/28/19
CHCO,"City Holding CO",71.49,-0.62,-0.86%,71.51,71.95,69.99,58800,01/28/19
CHCT,"Community Healthcare Trust Inc",32.07,0.23,+0.72%,31.82,32.09,31.52,59400,01/28/19
CHD,"Church & Dwight Company",63.62,0.03,+0.05%,63.27,63.79,62.77,1590900,01/28/19
CHDN,"Churchill Downs IN",90.31,1.31,+1.47%,87.92,91.35,87.71,179600,01/28/19
CHE,"Chemed Inc",289.5,-1.79,-0.61%,288.04,290.47,286.5,113900,01/28/19
CHEF,"The Chefs Warehouse",33.75,-0.13,-0.38%,33.52,34.06,33.17,165900,01/28/19
CHFC,"Chemical Financial",44.75,2.28,+5.37%,45,46.62,43.85,4062400,01/28/19
CHGG,"Chegg Inc",34.38,-0.26,-0.75%,34.09,34.74,33.86,1358500,01/28/19
CHH,"Choice Hotels International",76.68,0.77,+1.01%,75.41,76.93,75.24,179400,01/28/19
CHK,"Chesapeake Energy Corp",2.82,0.04,+1.44%,2.72,2.83,2.63,41110898,01/28/19
CHMG,"Chemung Financial Cp",41.58,-0.82,-1.93%,42.18,42.18,40.78,12400,01/28/19
CHMI,"Cherry Hill Mortgage Investmen",18.5,-0.13,-0.70%,18.63,18.66,18.48,219900,01/28/19
CHRA,"Charah Solutions Inc",7.22,-0.09,-1.23%,7.11,7.25,7.07,19800,01/28/19
CHRS,"Coherus Bio",12.17,-0.05,-0.41%,12.2,12.52,11.98,819900,01/28/19
CHRW,"C.H. Robinson Ww",86.77,-0.28,-0.32%,87.17,87.31,86.01,1163800,01/28/19
CHS,"Chico's Fas",6.07,0.01,+0.17%,6.04,6.15,6.01,2322700,01/28/19
CHSP,"Chesapeake Lodging Trust",27.43,0.13,+0.48%,27.14,27.52,27,247200,01/28/19
CHTR,"Charter Communicatio",290.86,-0.55,-0.19%,289.38,291.73,287.3,1136600,01/28/19
CHUY,"Chuy's Holdings Inc",21.69,0.88,+4.23%,20.62,22.18,20.6,346600,01/28/19
CI,"Cigna Corp",195.08,-1.2,-0.61%,195.56,195.84,193.11,1510100,01/28/19
CIA,"Citizens Inc",7.32,0.12,+1.67%,7.12,7.36,6.98,112600,01/28/19
CIEN,"Ciena Corp",39.3,-0.66,-1.65%,39.7,39.7,38.66,2940700,01/28/19
CIM,"Chimera Investment Corp",18.94,0.03,+0.16%,18.88,19,18.84,1672700,01/28/19
CINF,"Cincinnati Financial",78.99,-0.36,-0.45%,79.05,79.35,78.14,457600,01/28/19
CIO,"City Office REIT Inc",11.21,-0.02,-0.18%,11.22,11.27,11.09,338900,01/28/19
CIR,"Circor International",25.95,-0.36,-1.37%,25.91,26.93,25.73,69200,01/28/19
CISN,"Cision Ltd",12.31,-0.38,-2.99%,12.53,12.57,12.21,334200,01/28/19
CIT,"Cit Group Inc [Del]",44.65,0.4,+0.90%,43.88,44.85,43.85,1024400,01/28/19
CIVB,"Civista Bncshrs",18.88,-0.06,-0.32%,18.74,19.05,18.5,37800,01/28/19
CIVI,"Civitas Solutions Inc",17.67,0.01,+0.06%,17.64,17.67,17.64,198200,01/28/19
CIX,"Compx International Inc",14.65,0,0.00%,14.72,14.72,14.65,1600,01/28/19
CJ,"C&J Energy Services Inc",15.62,-0.83,-5.05%,15.85,15.97,15.4,600600,01/28/19
CKH,"Seacor Smit Inc",41.2,-0.97,-2.30%,41.53,41.99,40.78,47900,01/28/19
CL,"Colgate-Palmolive Company",62.74,0.9,+1.46%,61.71,62.84,61.6,5768100,01/28/19
CLAR,"Clarus Corp",10.9,-0.28,-2.50%,11.08,11.17,10.83,103200,01/28/19
CLBK,"Columbia Financial Inc",14.76,-0.08,-0.54%,14.89,14.99,14.72,109800,01/28/19
CLD,"Cloud Peak Energy Inc",0.42,0.01,+2.44%,0.44,0.49,0.41,8163000,01/28/19
CLDR,"Cloudera Inc",13.19,-0.19,-1.42%,13.11,13.19,12.86,3872000,01/28/19
CLDT,"Chatham Lodging Trust [Reit]",19.88,0.22,+1.12%,19.58,19.96,19.55,260500,01/28/19
CLF,"Cleveland-Cliffs Inc",9.45,-0.16,-1.66%,9.67,9.69,9.26,11229800,01/28/19
CLFD,"Clearfield Inc",12.25,0.1,+0.82%,11.93,12.55,11.65,23200,01/28/19
CLGX,Corelogic,36.37,0.11,+0.30%,35.89,36.41,35.89,161500,01/28/19
CLH,"Clean Harbors",57.81,-0.73,-1.25%,58.01,58.18,56.85,477600,01/28/19
CLI,"Mack-Cali Realty Corp",20,-0.08,-0.40%,19.95,20.19,19.77,1097400,01/28/19
CLNC,"Colony Northstar Credit Real Estate Inc. Class",16.07,0.31,+1.97%,15.61,16.17,15.5,209600,01/28/19
CLNE,"Clean Energy Fuels",1.87,-0.07,-3.61%,1.92,1.97,1.86,548700,01/28/19
CLNY,"Colony Capital Inc",5.72,0.11,+1.96%,5.57,5.78,5.57,2632600,01/28/19
CLPR,"Clipper Realty Inc",12.89,-0.34,-2.57%,13.12,13.14,12.83,22200,01/28/19
CLR,"Continental Resources",47.07,-0.19,-0.40%,46.4,47.24,46.28,1802400,01/28/19
CLSD,"Clearside Biomedi",1.12,-0.04,-3.45%,1.16,1.16,1.11,245500,01/28/19
CLUB,"Town Sports Internat",6.03,-0.04,-0.66%,6.01,6.14,5.9,43100,01/28/19
CLVS,"Clovis Oncology Inc",24.71,0.23,+0.94%,24.13,24.95,23.8,1772600,01/28/19
CLW,"Clearwater Paper Corp",33.49,-0.01,-0.03%,33.15,34.12,33.15,72400,01/28/19
CLX,"Clorox Company",146.74,-0.95,-0.64%,146.97,147.66,145.78,962900,01/28/19
CLXT,"Calyxt Inc",11.97,-0.11,-0.91%,12.05,12.1,11.78,49300,01/28/19
CMA,"Comerica Inc",82.31,0.24,+0.29%,81.64,82.61,81.19,1598700,01/28/19
CMC,"Commercial Metals Company",17.05,-0.15,-0.87%,16.97,17.19,16.85,1631800,01/28/19
CMCO,"Columbus Mckinnon",33.83,-0.37,-1.08%,33.85,34.06,33.04,175200,01/28/19
CMCSA,"Comcast Corp A",35.37,-0.41,-1.15%,35.48,35.53,34.67,26456900,01/28/19
CMD,"Cantel Medical",78.27,0.09,+0.12%,77.72,78.5,77.5,116900,01/28/19
CME,"CME Group Inc",184.96,-0.98,-0.53%,185.52,186.48,184.6,1100700,01/28/19
CMG,"Chipotle Mexican Grill",532,-11.37,-2.09%,540.6,542.63,531.78,578600,01/28/19
CMI,"Cummins Inc",142.82,-4.02,-2.74%,144.13,144.13,140.88,1294300,01/28/19
CMO,"Capstead Mortgage Corp",7.21,-0.02,-0.28%,7.2,7.22,7.15,442200,01/28/19
CMP,"Compass Minerals Intl Inc",50.57,0.94,+1.89%,49.34,50.68,49.01,299000,01/28/19
CMPR,"Cimpress N.V. Ord",119.39,0,0.00%,117.94,119.54,115.83,114700,01/28/19
CMRE,"Costamare Inc",5.02,-0.12,-2.33%,5.02,5.1,4.91,404300,01/28/19
CMRX,"Chimerix Inc",2.17,-0.14,-6.06%,2.31,2.31,2.15,691700,01/28/19
CMS,"Cms Energy Corp",50.8,-0.01,-0.02%,50.79,51.07,50.38,1730600,01/28/19
CMTL,"Comtech Telecom CO",24.98,-0.59,-2.31%,25.28,25.28,24.57,116700,01/28/19
CNA,"Cna Financial Corp",44.9,-0.14,-0.31%,44.78,45.04,44.36,208600,01/28/19
CNBKA,"Century Bancorp Inc",76.95,-0.05,-0.06%,76.83,79.34,76.01,5000,01/28/19
CNC,"Centene Corp",128.96,-0.04,-0.03%,127.74,129.05,126.6,1156600,01/28/19
CNCE,"Concert Pharmaceutic",13.25,-1.26,-8.68%,14.29,14.45,13.09,375800,01/28/19
CNDT,"Conduent Inc",12.71,-0.13,-1.01%,12.78,12.78,12.51,2707100,01/28/19
CNK,"Cinemark Holdings Inc",40.09,0.16,+0.40%,39.73,40.33,39.62,1191500,01/28/19
CNMD,"C O N M E D Cp",68.15,-1.74,-2.49%,69.64,70.55,66.9,411100,01/28/19
CNNE,"Cannae Holdings Inc",18.89,0.16,+0.85%,18.56,18.92,18.56,221400,01/28/19
CNO,"Cno Financial Group",17.72,0.04,+0.23%,17.5,17.78,17.47,1066300,01/28/19
CNOB,"Connectone Bancorp",20.35,0.21,+1.04%,20.1,20.4,19.98,112600,01/28/19
CNP,"Centerpoint Energy Inc",29.86,0.07,+0.23%,29.79,30.02,29.61,6318300,01/28/19
CNS,"Cohn & Steers Inc",37.87,0.8,+2.16%,36.71,38.31,36.61,175500,01/28/19
CNSL,"Consolidated Communications Holdings Inc",10.39,-0.02,-0.19%,10.35,10.52,10.26,352100,01/28/19
CNST,"Constellation Pharmaceuticals Inc",6.4,-0.29,-4.33%,6.03,6.72,6.03,8200,01/28/19
CNTY,"Century Casinos IN",7.76,0.06,+0.78%,7.81,8.18,7.72,89800,01/28/19
CNX,"CNX Resources Corp",13.2,0.01,+0.08%,13,13.22,12.9,1759300,01/28/19
CNXN,"PC Connection Inc",31.93,-0.55,-1.69%,32.22,32.74,31.69,39100,01/28/19
COF,"Capital One Financial Corp",79.48,-0.14,-0.18%,78.74,79.55,78.44,3848600,01/28/19
COG,"Cabot Oil & Gas Corp",25.51,-0.4,-1.54%,25.64,25.72,25.34,5564900,01/28/19
COHR,"Coherent Inc",124.48,-0.51,-0.41%,122.66,129.34,121.16,466400,01/28/19
COHU,"Cohu Inc",17.47,-0.22,-1.24%,17.21,18.17,17.21,271500,01/28/19
COKE,"Coca Cola Bot Cons",211.36,-0.26,-0.12%,212,213.16,203.81,17300,01/28/19
COLB,"Columbia Banking Sys",36.18,-0.14,-0.39%,35.96,36.5,35.7,524400,01/28/19
COLD,"Americold Realty Trust",28.2,0.27,+0.97%,27.8,28.41,27.75,1225100,01/28/19
COLL,"Collegium Pharma",15.67,-0.23,-1.45%,15.76,16.44,15.47,284100,01/28/19
COLM,"Columbia Sprtswr",87.54,-0.11,-0.13%,86.8,88.19,86.72,228500,01/28/19
COMM,"Commscope Holding CO",20.63,1.59,+8.35%,19.17,20.69,19.16,2962700,01/28/19
CONE,"Cyrusone Inc",52.37,2.4,+4.80%,49.54,52.73,49.24,2179000,01/28/19
CONN,"Conn's Inc",18.52,-0.49,-2.58%,18.79,18.99,18.29,1103600,01/28/19
COO,"Cooper Companies",273.64,-1.97,-0.71%,274.07,275.25,271.94,184100,01/28/19
COOP,"Mr.Cooper Group Inc.",14.99,0.26,+1.77%,14.73,15.05,14.71,673900,01/28/19
COP,Conocophillips,65.35,-1.64,-2.45%,65.87,65.87,64.88,5942700,01/28/19
COR,"Coresite Realty Corp",96.08,1.88,+2.00%,93.65,96.39,93.47,409700,01/28/19
CORE,"Core Mark Holding",28.25,-0.45,-1.57%,28.45,28.76,28.21,139100,01/28/19
CORR,"Corenergy Infrastructure Trust Inc",35.75,0.42,+1.19%,35.22,35.95,35.22,63600,01/28/19
CORT,"Corcept Therapeutics",12.05,-0.24,-1.95%,12.15,12.52,11.9,3653500,01/28/19
COST,"Costco Wholesale",210.77,1.7,+0.81%,208.68,210.79,207.31,1999400,01/28/19
COTY,"Coty Inc",7.34,0.03,+0.41%,7.27,7.34,7.16,7752300,01/28/19
COUP,"Coupa Software Inc",79.91,-0.53,-0.66%,78.7,80.22,78,934100,01/28/19
COWN,"Cowen Group Inc",15.77,0.27,+1.74%,15.39,15.86,15.35,160600,01/28/19
CPA,"Copa Holdings S.A.",99.43,1.87,+1.92%,96.5,99.53,96.11,560100,01/28/19
CPB,"Campbell Soup Company",34.61,0.37,+1.08%,34.17,34.7,34.09,2196600,01/28/19
CPE,"Callon Petroleum Company",7.96,-0.25,-3.05%,7.96,7.98,7.78,4584200,01/28/19
CPF,"Central Pacific Financial CO",26.71,0.21,+0.79%,26.26,26.76,26.26,103200,01/28/19
CPK,"Chesapeake Utilities Corp",88.4,-0.83,-0.93%,89.13,89.66,87.15,50700,01/28/19
CPLG,"Corepoint Lodging Inc",12.03,-0.04,-0.33%,11.98,12.26,11.84,218500,01/28/19
CPRT,"Copart Inc",49.84,-0.24,-0.48%,49.67,50.01,49.38,1118100,01/28/19
CPRX,"Catalyst Pharm Inc",2.45,-0.09,-3.54%,2.5,2.51,2.42,407300,01/28/19
CPS,"Cooper Std Hldg Inc",74.65,-0.41,-0.55%,74.09,75.67,73.24,114600,01/28/19
CPSI,"Computer Programs",26.31,-0.61,-2.27%,26.75,26.76,26.23,40600,01/28/19
CPT,"Camden Property Trust",94.75,1.23,+1.32%,93.19,94.92,93.18,629600,01/28/19
CR,"Crane Company",79.14,-0.23,-0.29%,78.87,79.5,78.15,658200,01/28/19
CRAI,"Cra International",41.47,-0.44,-1.05%,41.9,41.97,40.91,17600,01/28/19
CRAY,"Cray Inc",22.09,-0.47,-2.08%,22.14,22.41,21.9,126500,01/28/19
CRBP,"Corbus Pharma",6.86,-0.17,-2.42%,6.96,7.13,6.74,1006800,01/28/19
CRC,"California Resources Corporatio",19.28,-1.04,-5.12%,19.7,19.7,18.74,1779800,01/28/19
CRCM,"Care.com Inc",23.25,-0.56,-2.35%,23.52,23.72,22.96,262900,01/28/19
CRD.B,"Crawford CO Cl B",9.32,-0.18,-1.89%,9.43,9.48,9.32,8000,01/28/19
CREE,"Cree Inc",49.32,-1.1,-2.18%,49.16,49.73,48.29,1322300,01/28/19
CRI,"Carter's Inc",83.52,0.54,+0.65%,82.04,83.59,81.55,516500,01/28/19
CRL,"Charles River Laboratories Intl",118.58,-0.18,-0.15%,117.33,118.63,116.9,369500,01/28/19
CRM,"Salesforce.com Inc",147.33,-2.41,-1.61%,148.17,148.2,146.1,4054700,01/28/19
CRMT,"America's Car-Mart",70.47,-1.01,-1.41%,70.73,71.44,70,38800,01/28/19
CRNX,"Crinetics Pharmaceuticals Inc",24.06,-0.22,-0.91%,24.31,24.72,23.08,33200,01/28/19
CROX,"Crocs Inc",28.89,-0.01,-0.03%,28.7,28.94,28.36,1080100,01/28/19
CRR,"Carbo Ceramics",4.47,-0.18,-3.87%,4.5,4.55,4.39,278800,01/28/19
CRS,"Carpenter Technology Corp",43.76,-0.15,-0.34%,43.45,43.81,42.71,217900,01/28/19
CRUS,"Cirrus Logic Inc",38.45,0.25,+0.65%,37.3,38.75,37.02,790200,01/28/19
CRVL,"Corvel Cp",62.23,-1.27,-2.00%,63.01,63.16,61.63,19300,01/28/19
CRVS,"Corvus Pharma Com",3.88,-0.11,-2.76%,3.97,4.09,3.79,77900,01/28/19
CRY,Cryolife,26.99,-0.98,-3.50%,27.72,27.88,26.85,133900,01/28/19
CRZO,"Carrizo Oil & Gas",11.16,-0.18,-1.59%,11.05,11.33,10.94,3241200,01/28/19
CSCO,"Cisco Systems Inc",45.75,-0.38,-0.82%,45.73,45.77,45.23,18297000,01/28/19
CSFL,"Centerstate Bank Corp",24.53,0.31,+1.28%,24.02,24.66,24.01,577900,01/28/19
CSGP,"Costar Group Inc",382.43,-1.58,-0.41%,379.34,382.86,375.56,134100,01/28/19
CSGS,"C S G Sys Intl",35.23,-0.73,-2.03%,35.82,35.82,35.15,61300,01/28/19
CSII,"Cardiovascular Syst",28.97,-0.27,-0.92%,29,29.8,28.59,137700,01/28/19
CSL,"Carlisle Companies Inc",108.35,0.11,+0.10%,107.46,108.68,107.05,263100,01/28/19
CSLT,"Castlight Health Inc",2.62,0.01,+0.38%,2.61,2.65,2.54,205600,01/28/19
CSOD,"Cornerstone Ondemand",56.16,0.29,+0.52%,55.19,56.22,54.6,346800,01/28/19
CSTE,"Caesarstone Sdot-Yam",15.09,0.27,+1.82%,14.67,15.12,14.67,63100,01/28/19
CSTR,"Capstar Financial Holdings Inc",15.92,0.38,+2.45%,15.49,15.95,15.49,19400,01/28/19
CSU,"Capital Senior Living Corp",7.2,-0.15,-2.04%,7.21,7.45,7.14,112600,01/28/19
CSV,"Carriage Services",19.68,0.25,+1.29%,19.4,19.75,19.4,83000,01/28/19
CSWI,"Csw Industrials Inc",50.68,-0.55,-1.07%,50.93,51.43,49.69,44800,01/28/19
CSX,"CSX Corp",65.61,-0.59,-0.89%,65.38,65.9,65.02,4275500,01/28/19
CTAS,"Cintas Corp",182.99,-1.99,-1.08%,183.28,183.58,181.17,383600,01/28/19
CTB,"Cooper Tire & Rubber Company",34.18,0.07,+0.21%,33.87,34.2,33.58,327700,01/28/19
CTBI,"Community TR Bancp",41.22,-0.44,-1.06%,41.43,41.6,40.6,35200,01/28/19
CTIC,"Cti Biopharm Corp",1.03,-0.05,-4.63%,1.09,1.11,1.01,407700,01/28/19
CTL,Centurylink,15.09,0.1,+0.67%,14.91,15.29,14.81,14333800,01/28/19
CTLT,"Catalent Inc",36.49,0.49,+1.36%,35.61,36.62,35.53,1037900,01/28/19
CTMX,"Cytomx Thera",15.99,-0.86,-5.10%,16.55,16.65,15.66,498200,01/28/19
CTO,"Consolidated-Tomoka Land CO",59.52,-0.47,-0.78%,59.5,60.09,58.92,9000,01/28/19
CTRE,"Caretrust REIT Inc",21.38,0.23,+1.09%,21.13,21.47,21.05,1163500,01/28/19
CTRL,"Control4 Corp",19.22,-0.18,-0.93%,19.11,19.55,19,163900,01/28/19
CTRN,"Citi Trends Inc",21,0,0.00%,20.83,21.07,20.63,41000,01/28/19
CTS,"Cts Corp",27.88,-0.48,-1.69%,28.07,28.62,27.77,114900,01/28/19
CTSH,"Cognizant Tech Sol",68.95,-1.07,-1.53%,69.27,69.38,68.34,2771000,01/28/19
CTSO,"Cytosorbents Cor",7.04,-0.18,-2.49%,7.18,7.18,6.88,255500,01/28/19
CTT,"Catchmark Timber Trust Inc",8.89,0.04,+0.45%,8.85,8.92,8.7,246400,01/28/19
CTWS,"Conn Water Svcs IN",66.07,-1.03,-1.54%,67.02,67.39,65.78,18900,01/28/19
CTXS,"Citrix Systems Inc",101.98,-0.67,-0.65%,101.95,102.07,100.95,1951700,01/28/19
CUB,"Cubic Corp",63.84,-0.14,-0.22%,63.35,63.96,62.99,104800,01/28/19
CUBE,Cubesmart,29.91,0.43,+1.46%,29.45,30,29.3,1361200,01/28/19
CUBI,"Customers Bancorp",20.17,0.14,+0.70%,19.9,20.25,19.89,319600,01/28/19
CUE,"Cue Biopharma Inc",5.19,-0.12,-2.26%,5.24,5.35,5.03,66000,01/28/19
CULP,"Culp Inc",18.45,-0.02,-0.11%,18.3,18.85,18.06,20600,01/28/19
CURO,"Curo Group Holdings Corp",12.24,-0.02,-0.16%,12.09,12.34,11.81,161000,01/28/19
CUTR,"Cutera Inc",13.94,0.48,+3.57%,13.36,14.13,13.3,203300,01/28/19
CUZ,"Cousins Properties Inc",8.69,0.08,+0.93%,8.58,8.69,8.54,6381600,01/28/19
CVA,"Covanta Holding Corp",15.62,-0.21,-1.33%,15.72,15.9,15.46,691800,01/28/19
CVBF,"Cvb Financial Corp",22.27,0.18,+0.81%,22.09,22.29,21.95,473100,01/28/19
CVCO,"Cavco Inds Inc",151.41,-1.23,-0.81%,150.57,153.71,149.58,87100,01/28/19
CVCY,"Central Vly Cmty Bcp",20.06,0.07,+0.35%,19.78,20.15,19.78,13800,01/28/19
CVGI,"Commercial Vehicle G",7.11,-0.02,-0.28%,7.07,7.16,7,129700,01/28/19
CVGW,"Calavo Growers Inc",82.17,-0.77,-0.93%,82.45,83.4,82,141800,01/28/19
CVI,"Cvr Energy Inc",38.33,-0.27,-0.70%,38.3,38.72,37.92,575500,01/28/19
CVIA,"Covia Holdings Corp",4.99,-0.1,-1.96%,4.99,5.15,4.86,192300,01/28/19
CVLT,"Commvault Systems",61.57,-0.71,-1.14%,61.85,62.14,60.58,1090300,01/28/19
CVLY,"Codorus Valley Bncp",21.87,-0.48,-2.15%,22.24,22.3,21.87,8400,01/28/19
CVNA,"Carvana Co. Class A",39.71,-0.09,-0.23%,39.3,39.95,38.3,850300,01/28/19
CVS,"CVS Corp",65.24,-0.21,-0.32%,65.11,65.26,63.58,8641900,01/28/19
CVTI,"Covenant Transportn",23.67,-0.17,-0.71%,23.78,23.78,23.24,165400,01/28/19
CVX,"Chevron Corp",112.17,-1.05,-0.93%,111.91,112.57,111.07,6886500,01/28/19
CW,"Curtiss-Wright Corp",112.28,0.22,+0.20%,111.25,112.92,110.92,235300,01/28/19
CWBR,"Cohbar Inc",3.23,0.15,+4.87%,3.08,3.25,3.04,37100,01/28/19
CWCO,"Cons Water CO Inc",12.7,-0.07,-0.55%,12.76,12.91,12.45,42200,01/28/19
CWEN,"Clearway Energy Inc. Cl. C",15.25,0.11,+0.73%,15.09,15.8,15.05,1233200,01/28/19
CWE.A,"Clearway Energy Inc. Cl. A",14.76,-0.03,-0.20%,14.73,15.22,14.7,306100,01/28/19
CWH,"Camping World Holdings Inc",14.54,-0.04,-0.27%,14.5,14.9,14.11,486700,01/28/19
CWK,"Cushman & Wakefield Plc",15.58,-0.6,-3.71%,16.02,16.08,15.54,503900,01/28/19
CWST,"Casella Waste Sys",30.59,0.18,+0.59%,30.15,30.65,29.57,260400,01/28/19
CWT,"California Water Service Group Holding",46.42,-0.44,-0.94%,46.73,47.06,46.24,190200,01/28/19
CXO,"Concho Resources Inc",115.99,-2.56,-2.16%,116.46,116.95,115.1,1288800,01/28/19
CXP,"Columbia Property Trust Inc",21.25,0.03,+0.14%,21.16,21.36,21.13,525000,01/28/19
CXW,"Corecivic Inc",19.24,0.07,+0.37%,19.12,19.36,18.89,621000,01/28/19
CY,"Cypress Semiconductr",13.91,-0.09,-0.64%,13.59,14.01,13.52,3335200,01/28/19
CYH,"Community Health Systems",3.6,-0.14,-3.74%,3.76,3.76,3.54,1719100,01/28/19
CYRX,"Cryoport Inc",9.41,-0.27,-2.79%,9.55,9.72,9.31,99300,01/28/19
CYTK,Cytokinetics,6.87,-0.18,-2.55%,7,7,6.8,190900,01/28/19
CZNC,"Citizens Nrthn Cp",24.84,-0.11,-0.44%,25,25,24.42,13200,01/28/19
CZR,"Caesars Entertainment Corp",8.75,-0.12,-1.35%,8.72,8.86,8.65,17963301,01/28/19
D,"Dominion Resources",68.37,-0.79,-1.14%,68.98,69.23,68.28,7980500,01/28/19
DAKT,"Daktronics Inc",7.5,-0.15,-1.96%,7.6,7.64,7.45,134200,01/28/19
DAL,"Delta Air Lines Inc",48.01,0.32,+0.67%,47.43,48.44,47.33,8212100,01/28/19
DAN,"Dana Inc",17.43,-0.35,-1.97%,17.5,17.69,17.28,2326100,01/28/19
DAR,"Darling International Inc",20.98,-0.02,-0.10%,20.85,21.09,20.79,495600,01/28/19
DATA,"Tableau Software Inc Class A",125.96,-3,-2.33%,127.25,128.12,125.55,972400,01/28/19
DBD,"Diebold Nixdorf Inc",4.17,-0.09,-2.11%,4.26,4.29,4.12,741200,01/28/19
DCI,"Donaldson Company",46.72,-0.96,-2.01%,47,47.13,46.26,379100,01/28/19
DCO,"Ducommun Inc",39.4,0.09,+0.23%,39.03,39.62,38.79,32700,01/28/19
DCOM,"Dime Community Bncsh",19.52,-0.24,-1.21%,19.7,19.7,19.1,144100,01/28/19
DCPH,"Deciphera Pharmaceuticals Inc",25.31,-2.02,-7.39%,26.88,26.88,25.19,163500,01/28/19
DDD,"3D Systems Corp",11.54,0.03,+0.26%,11.42,11.62,11.2,1877100,01/28/19
DDS,Dillard's,66.92,-0.32,-0.48%,66.69,67.3,66.05,187800,01/28/19
DE,"Deere & Company",156.49,-5.01,-3.10%,157.09,158.42,155.2,2199300,01/28/19
DEA,"Easterly Government Properties",17.82,0.33,+1.89%,17.43,17.97,17.36,989800,01/28/19
DECK,"Deckers Outdoor Corp",125.99,0.63,+0.50%,123.72,127.45,123.72,542500,01/28/19
DEI,"Douglas Emmett",37.05,0.28,+0.76%,36.62,37.12,36.59,633700,01/28/19
DELL,"Dell Technologies Inc.",46.9,0.99,+2.16%,45.9,47.38,45.62,5951100,01/28/19
DENN,"Dennys Corp",17.75,-0.02,-0.11%,17.77,17.86,17.44,285600,01/28/19
DERM,"Dermira Inc Cm ST",6.47,0.25,+4.02%,6.24,6.75,6.05,1121600,01/28/19
DF,"Dean Foods Company",4.32,-0.19,-4.21%,4.51,4.51,4.31,1681300,01/28/19
DFIN,"Donnelly Financial Solutions Inc",14.45,-0.17,-1.16%,14.45,14.68,14.24,102400,01/28/19
DFRG,"Del Frisco's Restrnt",7.82,-0.08,-1.01%,7.85,7.97,7.81,386800,01/28/19
DFS,"Discover Financial Services",67.36,0.63,+0.94%,66.24,67.36,65.81,2209100,01/28/19
DG,"Dollar General Corp",114.12,-0.08,-0.07%,113.1,114.15,113.05,1268600,01/28/19
DGICA,"Donegal Group Cl A",13.23,-0.1,-0.75%,13.29,13.5,13.12,25300,01/28/19
DGII,"Digi Intl Inc",11.36,-0.04,-0.35%,11.31,11.5,11.11,231600,01/28/19
DGX,"Quest Diagnostics Inc",85.49,0.08,+0.09%,85.03,86.13,84.5,918900,01/28/19
DHI,"D.R. Horton",36.39,-0.91,-2.44%,36.53,37.46,36.17,10156899,01/28/19
DHIL,"Diamond Hill Inv",156.01,-1.26,-0.80%,156.94,157.25,156.01,4100,01/28/19
DHR,"Danaher Corp",106.03,-0.3,-0.28%,105.54,106.04,104.96,2100400,01/28/19
DHT,"Dht Holdings",4.03,-0.1,-2.42%,4.1,4.1,4,715300,01/28/19
DIN,"Dineequity Inc",78.37,-0.87,-1.10%,78.83,79.68,78.1,345300,01/28/19
DIOD,"Diodes Inc",32.54,-0.77,-2.31%,32.29,33.02,32,139800,01/28/19
DIS,"Walt Disney Company",110.81,-0.28,-0.25%,110.76,110.99,109.95,6178700,01/28/19
DISCA,"Discovery Comm A",27.79,0.11,+0.40%,27.4,27.84,27.23,2422200,01/28/19
DISCK,"Discovery Comm Inc",25.91,0.14,+0.54%,25.7,25.92,25.38,1427800,01/28/19
DISH,"Dish Network Corp",30.3,0.22,+0.73%,29.6,30.43,29.48,2755700,01/28/19
DJCO,"Daily Journal Cp",216.12,2.12,+0.99%,216.12,216.12,216.12,300,01/28/19
DK,"Delek US Holdings",30.25,-1.09,-3.48%,30.96,31.03,30.03,1391200,01/28/19
DKS,"Dick's Sporting Goods Inc",34.84,0.22,+0.64%,34.34,34.88,34.17,1386600,01/28/19
DLB,"Dolby Laboratories",63.27,-0.67,-1.05%,63.27,63.62,63.12,288300,01/28/19
DLR,"Digital Realty Trust",105.7,1.53,+1.47%,103.88,106.1,103.03,1454200,01/28/19
DLTH,"Duluth Hldg Cl B",23.03,0.41,+1.81%,22.37,23.04,22.06,160100,01/28/19
DLTR,"Dollar Tree Inc",95.62,-1.3,-1.34%,96.15,96.98,94.87,1468900,01/28/19
DLX,"Deluxe Corp",47.36,0.12,+0.25%,46.59,47.68,46.28,597700,01/28/19
DMRC,"Digimarc Corp",19.01,-0.64,-3.26%,19.43,19.64,18.83,83000,01/28/19
DNB,"Dun & Bradstreet Corp",144.53,-0.16,-0.11%,144.65,144.7,144.53,1374900,01/28/19
DNKN,"Dunkin' Brands Group",68.84,-0.5,-0.72%,69.29,69.42,67.89,745300,01/28/19
DNLI,"Denali Therapeutics Inc",21.37,-0.48,-2.20%,21.69,21.94,21.21,171200,01/28/19
DNOW,"Now Inc",13.48,-0.04,-0.30%,13.26,13.49,13.12,680100,01/28/19
DNR,"Denbury Resources",1.97,-0.1,-4.83%,2,2.01,1.93,8107600,01/28/19
DO,"Diamond Offshore Drilling",10.97,-0.66,-5.67%,11.47,11.47,10.83,2271600,01/28/19
DOC,"Physicians Realty Trust",17.45,0.2,+1.16%,17.17,17.5,17.17,962400,01/28/19
DOCU,"Docusign Inc",48.82,0.25,+0.51%,47.94,48.88,47.55,1977000,01/28/19
DOMO,"Domo Inc. Class B",26.05,-0.28,-1.06%,26.01,26.4,25.37,194200,01/28/19
DOOR,"Masonite Wrldwde Hld",54.6,0.57,+1.05%,53.62,54.85,53.61,123000,01/28/19
DORM,"Dorman Products Inc",87.55,-1.16,-1.31%,87.69,89.04,84.85,276200,01/28/19
DOV,"Dover Corp",79.24,-0.24,-0.30%,78.56,79.24,77.95,1515300,01/28/19
DOVA,"Dova Pharmaceuticals Inc",7.81,-0.17,-2.13%,7.87,7.96,7.33,110000,01/28/19
DOX,"Amdocs Ltd Ord",55.36,-0.08,-0.14%,54.9,55.78,54.69,1926600,01/28/19
DPLO,"Diplomat Pharmacy Inc",13.69,-0.14,-1.01%,13.45,13.85,13.34,434000,01/28/19
DPZ,"Domino's Pizza Inc",279.79,-4.37,-1.54%,281.74,282.57,275.23,748900,01/28/19
DRE,"Duke Realty Corp",29.24,0.28,+0.97%,28.85,29.34,28.8,2243700,01/28/19
DRH,"Diamondrock Hospitality Company",9.97,0.09,+0.91%,9.8,9.99,9.8,3202200,01/28/19
DRI,"Darden Restaurants",107.37,0.94,+0.88%,106.06,107.84,105.77,674300,01/28/19
DRNA,"Dicerna Pharmaceutic",9.74,-0.41,-4.04%,9.86,10.07,9.56,791300,01/28/19
DRQ,Dril-Quip,36.28,-1.38,-3.66%,37,37.06,35.85,602500,01/28/19
DRRX,"Durect Corp",0.57,-0.04,-6.23%,0.6,0.62,0.56,455100,01/28/19
DS,"Drive Shack Inc",4.39,-0.14,-3.09%,4.44,4.49,4.3,180300,01/28/19
DSKE,"Daseke Inc",4.15,-0.27,-6.11%,4.37,4.37,4.09,211500,01/28/19
DSW,"DSW Inc",26.78,0,0.00%,26.52,26.92,26.38,612100,01/28/19
DTE,"Dte Energy Company",114.1,-0.03,-0.03%,114.22,114.69,113.31,838300,01/28/19
DUK,"Duke Energy Corp",85.65,-0.2,-0.23%,86.02,86.29,85.13,2079000,01/28/19
DVA,"Davita Healthcare Partners Inc",56.07,-1.02,-1.79%,56.68,56.86,55.75,1300500,01/28/19
DVAX,"Dynavax Technologies",10.75,-0.31,-2.80%,10.97,10.97,10.61,639400,01/28/19
DVN,"Devon Energy Corp",26.5,-0.75,-2.75%,26.84,26.89,26.28,5541200,01/28/19
DWDP,"Dowdupont Inc",58.13,0.37,+0.64%,57.09,58.25,56.94,16632801,01/28/19
DWSN,"Dawson Geophscl",3.8,0.02,+0.53%,3.78,3.92,3.78,60300,01/28/19
DX,"Dynex Capital",6.15,-0.06,-0.97%,6.19,6.2,6.14,796800,01/28/19
DXC,"Dxc Technology Company",62.92,-0.42,-0.66%,62.36,62.94,62.25,1354100,01/28/19
DXCM,Dexcom,141.36,-3.65,-2.52%,144.29,144.99,140.11,800700,01/28/19
DXPE,"Dxp Enterprise",31.28,-0.98,-3.04%,31.96,32.14,31.15,40600,01/28/19
DY,"Dycom Industries",60.04,0.86,+1.45%,58.2,60.11,58.03,447300,01/28/19
DZSI,"Dasan Zhone Solutions Inc",12.75,-0.29,-2.22%,12.89,13.17,12.75,12700,01/28/19
EA,"Electronic Arts Inc",90.47,-1.27,-1.38%,89.45,90.65,88.65,4339500,01/28/19
EAF,"Graftech International Ltd",12.16,-0.65,-5.07%,12.62,12.76,12.13,1099300,01/28/19
EAT,"Brinker International",47.44,0.89,+1.91%,46.22,48.49,45.99,2137400,01/28/19
EBAY,"Ebay Inc",34.02,0.3,+0.89%,33.49,34.23,33.4,22325398,01/28/19
EBF,"Ennis Inc",20.06,0,0.00%,20.06,20.21,19.91,123100,01/28/19
EBIX,"Ebix Inc",54.46,0.96,+1.79%,53.11,54.6,52.68,212700,01/28/19
EBS,"Emergent Biosolutions",59.57,-0.45,-0.75%,59.28,59.97,59.02,292200,01/28/19
EBSB,"Meridian Bncp",15.77,0.07,+0.45%,15.62,15.83,15.57,208200,01/28/19
EBTC,"Enterprise Bancorp I",30.9,-1.06,-3.32%,31.39,31.75,30.6,15000,01/28/19
ECHO,"Echo Global Logistic",23.51,-0.04,-0.17%,23.32,23.6,23.27,126600,01/28/19
ECL,"Ecolab Inc",154.98,1.09,+0.71%,153.15,154.99,153.11,708500,01/28/19
ECOL,"US Ecology Inc",61.67,-1.72,-2.71%,63.1,63.1,61.5,61300,01/28/19
ECOM,"Channeladvisor Corp",10.57,-0.39,-3.56%,10.88,10.89,10.31,86900,01/28/19
ECOR,"Electrocore Inc",6.05,0.06,+1.00%,5.93,6.19,5.82,71500,01/28/19
ECPG,"Encore Capital Grp",29.4,0.65,+2.26%,28.48,29.45,28.48,251600,01/28/19
ECR,"Eclipse Resources Corp",1.12,-0.02,-1.75%,1.1,1.17,1.1,486800,01/28/19
ED,"Consolidated Edison Company of New York",75.59,-0.36,-0.47%,76.11,76.58,75.25,2168400,01/28/19
EDIT,"Editas Medicine",20.66,-0.8,-3.73%,21.11,21.22,20.25,946000,01/28/19
EE,"El Paso Electric Company",50.88,-0.45,-0.88%,51.36,51.57,50.6,234500,01/28/19
EEFT,"Euronet Worldwide",114.79,-0.62,-0.54%,114.59,115.56,113.42,259400,01/28/19
EEX,"Emerald Expositions Events Inc",13.97,-0.26,-1.83%,14.14,14.32,13.88,108800,01/28/19
EFII,"Elec Imaging Inc",24.77,-0.2,-0.80%,24.65,25,24.39,835100,01/28/19
EFSC,"Enterprises Finl Svc",45.9,-0.61,-1.31%,46.14,47,45.3,110700,01/28/19
EFX,"Equifax Inc",105.21,-0.42,-0.40%,104.77,105.9,104.21,1407700,01/28/19
EGAN,"Egain Corp",7.11,0.06,+0.85%,6.93,7.31,6.93,83500,01/28/19
EGBN,"Eagle Bancorp Inc",55.1,0.72,+1.32%,54.2,55.2,54.2,385000,01/28/19
EGHT,"8X8 Inc",19.43,-0.65,-3.24%,19.77,19.8,19.3,838000,01/28/19
EGLE,"Eagle Bulk Ship New",4.16,-0.27,-6.09%,4.45,4.5,4.1,430100,01/28/19
EGOV,"Nic Inc",14.13,-0.02,-0.14%,14.02,14.23,13.92,292300,01/28/19
EGP,"Eastgroup Properties",100.59,0.91,+0.91%,99.25,100.9,98.77,110700,01/28/19
EGRX,"Eagle Pharmaceutical",40.33,-2.52,-5.88%,42.41,42.56,39.81,284500,01/28/19
EHC,"Encompass Health Corp",66.95,-0.48,-0.71%,67.27,67.35,66.37,434900,01/28/19
EHTH,"Ehealth Inc",55.44,0.14,+0.25%,55,56.54,54.78,430200,01/28/19
EIDX,"Eidos Therapeutics Inc",11.96,-0.02,-0.17%,11.83,12.21,11.71,19900,01/28/19
EIG,"Employers Holdings Inc",41.7,-0.31,-0.74%,41.86,42.07,41.27,108600,01/28/19
EIGI,"Endurance Int Grp",7.88,-0.1,-1.25%,7.9,8.04,7.8,295400,01/28/19
EIX,"Edison International",54.51,-0.92,-1.66%,55.42,55.7,54.25,2725300,01/28/19
EL,"Estee Lauder Companies",131.98,3.91,+3.05%,127.52,132.14,126.75,3275200,01/28/19
ELAN,"Elanco Animal Health Inc",30.5,-0.1,-0.33%,30.65,30.72,30.26,1267600,01/28/19
ELF,"E.L.F. Beauty Inc",8.53,0.09,+1.07%,8.31,8.6,8.22,195500,01/28/19
ELGX,"Endologix Inc",0.8,0.05,+6.67%,0.78,0.82,0.75,672700,01/28/19
ELLI,"Ellie Mae Inc",72.74,-0.49,-0.67%,72.45,73.55,72.21,618300,01/28/19
ELOX,"Eloxx Pharmaceuticals Inc",10.6,-0.5,-4.50%,10.98,11.23,10.53,21700,01/28/19
ELS,"Equity Lifestyle Properties",103.05,0.98,+0.96%,101.6,103.21,101.6,358400,01/28/19
ELVT,"Elevate Credit Inc",4.59,-0.05,-1.08%,4.6,4.68,4.54,76400,01/28/19
ELY,"Callaway Golf Company",16.39,-0.18,-1.09%,16.47,16.51,16.16,624800,01/28/19
EMCI,"E M C Insurance Gp",32.04,0.46,+1.46%,31.6,32.25,31.6,33500,01/28/19
EME,"Emcor Group",63.9,-0.51,-0.79%,63.78,64.25,62.87,382700,01/28/19
EML,"Eastern CO",27.26,-0.43,-1.55%,27.65,27.65,27.26,2000,01/28/19
EMN,"Eastman Chemical Company",80.97,0.11,+0.14%,80.22,81.12,79.95,980900,01/28/19
EMR,"Emerson Electric Company",62.41,-1.53,-2.39%,63.16,63.22,62.02,4324400,01/28/19
ENDP,"Endo Int'l Plc",9.56,-0.31,-3.14%,9.74,9.86,9.48,2037500,01/28/19
ENFC,"Entegra Financ Cm ST",23.43,0.2,+0.86%,23.23,23.51,23.22,36300,01/28/19
ENPH,"Enphase Energy Inc",6.9,0.18,+2.68%,6.64,7.09,6.64,1563400,01/28/19
ENR,"Energizer Holdings Inc",45.55,-0.63,-1.36%,45.87,45.95,45.29,675400,01/28/19
ENS,"Enersys Inc",84.13,0.02,+0.02%,82.96,84.49,82.91,172400,01/28/19
ENSG,"The Ensign Group IN",42.31,-0.23,-0.54%,42.25,42.73,41.54,185900,01/28/19
ENTA,"Enanta Pharmaceutica",78.21,-4.03,-4.90%,82,82,76.53,571400,01/28/19
ENTG,"Entegris Inc",33.16,1.84,+5.87%,30.74,34.28,30.37,8146400,01/28/19
ENV,"Envestnet Inc",53.47,-0.52,-0.96%,53.51,54.07,53,171900,01/28/19
ENVA,"Enova International Inc",22.67,-0.29,-1.26%,22.68,22.72,22.25,193800,01/28/19
ENZ,"Enzo Biochem",3.71,0.01,+0.27%,3.66,3.77,3.6,102000,01/28/19
EOG,"Eog Resources",98.1,-1,-1.01%,97.43,98.25,96.49,2953000,01/28/19
EOLS,"Evolus Inc",14.99,0.08,+0.54%,14.98,15.56,14.58,403300,01/28/19
EPAM,"Epam Systems Inc",139.34,-1.46,-1.04%,139.25,139.88,137.69,320500,01/28/19
EPAY,"Bottomline Tech IN",49.47,-1.51,-2.96%,50.41,50.41,49.05,211300,01/28/19
EPC,"Edgewell Personal Care",39.46,0.21,+0.54%,39.11,39.59,38.62,610000,01/28/19
EPE,"Ep Energy Corp",0.71,0.01,+1.43%,0.69,0.72,0.66,606300,01/28/19
EPM,"Evolution Petroleum Corp",7.41,0,0.00%,7.3,7.45,7.27,141900,01/28/19
EPR,"Entertainment Properties Trust",71.95,0.67,+0.94%,71.16,72,71.08,284400,01/28/19
EPRT,"Essential Properties Realty Trust Inc",15.55,0.28,+1.83%,15.25,15.7,15.17,179800,01/28/19
EPZM,"Epizyme Inc",9.04,-0.62,-6.42%,9.55,9.55,8.98,633900,01/28/19
EQBK,"Equity Bncsrs Cm A",32.87,0.87,+2.72%,32,32.88,31.74,117000,01/28/19
EQC,"Equity Commonwealth",31.5,0.07,+0.22%,31.36,31.62,31.27,570100,01/28/19
EQH,"Axa Equitable Holdings Inc",18.4,-0.25,-1.34%,18.48,18.73,18.31,2069400,01/28/19
EQIX,"Equinix Inc",377.11,7.67,+2.08%,367.95,377.97,363.9,466500,01/28/19
EQR,"Equity Residential",71.72,1.05,+1.49%,70.38,71.73,70.38,1647100,01/28/19
EQT,"Eqt Corp",19.35,-0.62,-3.10%,19.88,19.88,19,3664100,01/28/19
ERA,"Era Group Inc",9.75,-0.51,-4.97%,10,10.14,9.63,27300,01/28/19
ERI,"Eldorado Resorts",44.56,0.17,+0.38%,43.9,45,43.37,845900,01/28/19
ERIE,"Erie Indemnity CO",143.15,0.03,+0.02%,142.2,144.76,141.78,25800,01/28/19
ERII,"Energy Recovery Inc",7.43,-0.14,-1.85%,7.48,7.49,7.31,204200,01/28/19
EROS,"Eros International Plc",9.43,-0.18,-1.87%,9.57,9.64,9.22,528000,01/28/19
ES,"Eversource Energy",67.11,-0.17,-0.25%,67.42,67.66,66.68,1549000,01/28/19
ESCA,"Escalade Inc",11.62,0.06,+0.52%,11.65,11.86,11.54,4400,01/28/19
ESE,"Esco Technologies Inc",64.09,-0.72,-1.11%,64.4,65.35,63.65,51500,01/28/19
ESGR,"Enstar Group Ltd",177.2,-0.22,-0.12%,176.54,177.61,175,16700,01/28/19
ESIO,"Electro Sci Inds",30,0.01,+0.03%,29.98,30,29.98,369000,01/28/19
ESL,"Esterline Technologies Corp",121.49,0.09,+0.07%,121.26,121.5,121.26,180300,01/28/19
ESND,"Essendant Inc",12.5,0.02,+0.16%,12.5,12.55,12.45,117100,01/28/19
ESNT,"Essent Group Ltd",38.47,0.09,+0.23%,38.02,38.61,38.02,289500,01/28/19
ESPR,"Esperion Theraptc",43.19,-1.51,-3.38%,44.18,44.88,43.09,516600,01/28/19
ESQ,"Esquire Financial Holdings Inc",21.66,-0.3,-1.37%,21.8,21.8,21.28,3500,01/28/19
ESRT,"Empire State Realty Trust Inc",14.98,0.06,+0.40%,14.85,15.05,14.8,2311500,01/28/19
ESS,"Essex Property Trust",266.48,3.66,+1.39%,261.9,267.17,261.54,384100,01/28/19
ESSA,"Essa Bancorp Inc",15.21,-0.13,-0.85%,15.41,15.41,15.21,3400,01/28/19
ESTC,"Elastic N.V. Ordinary Shares",80.98,2.26,+2.87%,77.87,81.87,77.18,312700,01/28/19
ESTE,"Earthstone Energy",6.4,0,0.00%,6.27,6.46,6.23,246300,01/28/19
ESXB,"Community Bankers",7.57,0.18,+2.44%,7.51,7.65,7.47,19400,01/28/19
ETFC,"E*Trade Finl Corp",47.51,-0.26,-0.54%,47.39,47.75,47.2,4186100,01/28/19
ETH,"Ethan Allen Interiors Inc",18.75,-0.01,-0.05%,18.71,18.96,18.5,432200,01/28/19
ETM,"Entercom Communications Corp",7.25,0.02,+0.28%,7.16,7.27,7.12,1088500,01/28/19
ETN,"Eaton Corp",69.11,-1.96,-2.76%,69.8,69.84,67.97,4635700,01/28/19
ETR,"Entergy Corp",86.51,-0.59,-0.68%,87.05,87.44,85.97,912000,01/28/19
ETRN,"Equitrans Midstream Corp.",20.61,-0.33,-1.58%,20.6,20.93,20.4,1668500,01/28/19
ETSY,"Etsy Inc",54.92,-0.08,-0.15%,54.3,54.96,53.26,1255300,01/28/19
EV,"Eaton Vance Corp",39.8,0.01,+0.03%,39.55,39.94,39.29,1005500,01/28/19
EVBG,"Everbridge Inc",59.78,-1.35,-2.21%,60.17,60.63,59.16,332300,01/28/19
EVBN,"Evans Bancorp",34.6,-0.12,-0.35%,34.7,34.7,34.25,5200,01/28/19
EVC,"Entravision Communications Corp",3.84,-0.13,-3.27%,3.94,4.01,3.81,313100,01/28/19
EVH,"Evolent Health Inc Class A Com",17.2,-0.3,-1.71%,17.31,17.48,16.9,1222200,01/28/19
EVI,"Envirostar Inc",33.02,0.7,+2.17%,32.22,37.95,32,42100,01/28/19
EVLO,"Evelo Biosciences Inc",8.83,0.21,+2.44%,8.74,9.24,8.64,51400,01/28/19
EVOP,"Evo Payments Inc. Class A",24.77,-0.23,-0.92%,24.73,24.88,24.45,140100,01/28/19
EVR,"Evercore Partners Inc",85.1,0.45,+0.53%,83.79,85.62,83.73,421000,01/28/19
EVRG,"Evergy Inc",56.71,-0.07,-0.12%,56.9,57.15,56.48,1295600,01/28/19
EVRI,"Everi Holdings Inc",6.86,-0.11,-1.58%,6.86,6.94,6.75,569500,01/28/19
EVTC,"Evertec Inc",27.72,-0.78,-2.74%,28.15,28.37,27.55,386300,01/28/19
EW,"Edwards Lifesciences Corp",168.34,-2.3,-1.35%,168.61,170.06,167.43,1074100,01/28/19
EWBC,"East West Bancorp",52.55,0.19,+0.36%,52.09,52.99,51.81,818700,01/28/19
EXAS,"Exact Sciences Cor",83.81,1.83,+2.23%,80.82,83.95,80.5,1783700,01/28/19
EXC,"Exelon Corp",46.15,-0.28,-0.60%,46.47,46.57,45.81,3555600,01/28/19
EXEL,"Exelixis Inc",23.07,-0.2,-0.86%,23.05,23.44,22.6,3807400,01/28/19
EXLS,"Exlservice Holdings",56.36,-0.6,-1.05%,56.57,56.8,55.73,88500,01/28/19
EXP,"Eagle Materials Inc",68.79,1.55,+2.31%,66.48,69.24,66.28,787500,01/28/19
EXPD,"Expeditors Intl",68.32,-1.01,-1.46%,68.63,68.87,68.15,756500,01/28/19
EXPE,"Expedia Group Inc",117.04,-0.07,-0.06%,115.8,118.16,115.37,939500,01/28/19
EXPO,"Exponent Inc",49.38,-1.03,-2.04%,50.1,50.27,49.32,117900,01/28/19
EXPR,"Express Inc",5.6,0.23,+4.28%,5.33,5.64,5.28,2706000,01/28/19
EXR,"Extra Space Storage Inc",94.77,1.62,+1.74%,93.18,94.93,92.66,898300,01/28/19
EXTN,"Exterran Corp",17.06,-0.59,-3.34%,17.4,17.4,16.78,89600,01/28/19
EXTR,"Extreme Networks",6.79,0.02,+0.30%,6.7,6.89,6.57,1738400,01/28/19
EYE,"National Vision Holdings Inc",31.74,-1.11,-3.38%,32.32,32.93,31.49,490000,01/28/19
EZPW,"Ezcorp Inc",9.06,-0.33,-3.51%,9.32,9.34,9,570400,01/28/19
F,"Ford Motor Company",8.66,-0.2,-2.26%,8.8,8.8,8.58,42116301,01/28/19
FAF,"First American Corp",48.91,-0.07,-0.14%,48.76,49.38,48.59,545700,01/28/19
FANG,"Diamondback Energy",100.3,-1.91,-1.87%,100.79,101.28,99.24,1631800,01/28/19
FARM,"Farmer Brothers",24.57,-0.18,-0.73%,24.61,24.91,24.44,16900,01/28/19
FARO,"Faro Tech Inc",40.37,-1.06,-2.56%,41.09,41.16,39.88,50400,01/28/19
FAST,"Fastenal CO",59.39,-0.14,-0.24%,58.8,59.7,58.39,3804700,01/28/19
FATE,"Fate Therapeutics",13.8,-0.69,-4.76%,14.36,14.57,13.51,621800,01/28/19
FB,"Facebook Inc",147.47,-1.54,-1.03%,148.05,148.96,146.21,15508400,01/28/19
FBC,"Flagstar Bancorp",30.24,0.16,+0.53%,29.82,30.51,29.82,221000,01/28/19
FBHS,"Fortune Brands Home & Security",42.44,0.49,+1.17%,41.55,42.55,41.43,1281400,01/28/19
FBIO,"Fortress Biotech Inc",1.38,0.32,+30.19%,1.04,1.59,1.03,1017600,01/28/19
FBIZ,"First Business Finan",20.75,-0.21,-1.00%,20.64,20.75,20.55,14800,01/28/19
FBK,"Fb Financial Corp",33.48,-0.55,-1.62%,33.67,34.07,33.14,108700,01/28/19
FBM,"Foundation Building Materials Inc",9.45,-0.04,-0.42%,9.37,9.64,9.37,29900,01/28/19
FBMS,"First Bancshs [Ms]",31.4,-0.17,-0.54%,31.36,31.49,31.2,16500,01/28/19
FBNC,"First Bancorp [Nc]",37.51,-0.52,-1.37%,37.9,38.31,37.27,149900,01/28/19
FBP,"First Bancorp",9.95,0.21,+2.16%,9.7,9.97,9.68,1236200,01/28/19
FC,"Franklin Covey Company",24.26,-0.28,-1.14%,24.07,24.68,23.84,64800,01/28/19
FCBC,"First Community Bksh",34.25,-0.83,-2.37%,34.84,35,34.11,29700,01/28/19
FCBP,"First Choice Bancorp",21.41,-0.14,-0.65%,21.65,21.72,21.25,14100,01/28/19
FCCO,"First Community Corp",19.97,-0.73,-3.53%,20.61,20.71,19.55,6600,01/28/19
FCCY,"1st Constitution Bcp",19.4,-0.18,-0.92%,19.37,19.54,19.31,8100,01/28/19
FCEL,"Fuelcell Energy Inc",0.54,0,+0.56%,0.55,0.56,0.53,760700,01/28/19
FCF,"First Commonwealth Financial Corp",13.42,0.08,+0.60%,13.27,13.42,13.19,374200,01/28/19
FCFS,"First Cash Fin Svcs",84.33,-0.44,-0.52%,84.1,85.72,81.75,175300,01/28/19
FCN,"Fti Consulting",66.23,-1.71,-2.52%,67.55,68.18,65.94,169700,01/28/19
FCNCA,"First Citizens Bancs",414.38,-1.27,-0.31%,412.56,416.48,412.56,22700,01/28/19
FCPT,"Four Corners Property Trust IN",27.41,0.32,+1.18%,26.98,27.42,26.96,371600,01/28/19
FCX,"Freeport-Mcmoran Inc",10.28,-0.96,-8.54%,11.02,11.05,10.2,54798398,01/28/19
FDBC,"Fidelity D & D Bancorp Inc",59.54,-1.45,-2.38%,59.54,59.54,59.54,1000,01/28/19
FDC,"First Data Corp",25.29,0.18,+0.72%,24.85,25.35,24.76,17270600,01/28/19
"Downloaded from Barchart.com as of 01-28-2019 09:38pm CST"
